# Time (s),X (m),Y (m),Z (m),E0,E1,E2,E3,W1 (rad/s),W2 (rad/s),W3 (rad/s)
0.000000,0.000000,0.000000,1471.465942,0.000000,0.000000,0.000000,0.923000,-0.040299,0.016692,0.382319,0.000000,0.000000,0.000000
0.001410,0.000000,0.000000,1471.465942,0.000000,0.000000,0.000000,0.923000,-0.040299,0.016692,0.382319,0.000000,0.000000,0.000000
0.002819,0.000000,0.000000,1471.465942,0.000000,0.000000,0.000000,0.923000,-0.040299,0.016692,0.382319,0.000000,0.000000,0.000000
0.005638,0.000000,0.000000,1471.465942,0.000000,0.000000,0.000000,0.923000,-0.040299,0.016692,0.382319,0.000000,0.000000,0.000000
0.008457,0.000000,0.000000,1471.465942,0.000000,0.000000,0.000000,0.923000,-0.040299,0.016692,0.382319,0.000000,0.000000,0.000000
0.011276,0.000000,0.000000,1471.465942,0.000000,0.000000,0.000000,0.923000,-0.040299,0.016692,0.382319,0.000000,0.000000,0.000000
0.039467,0.000000,0.000000,1471.465942,0.000000,0.000000,0.000000,0.923000,-0.040299,0.016692,0.382319,0.000000,0.000000,0.000000
0.040855,0.000000,0.000000,1471.465942,0.000000,0.000000,0.000000,0.923000,-0.040299,0.016692,0.382319,0.000000,0.000000,0.000000
0.042243,0.000000,0.000000,1471.465942,0.000000,0.000000,0.000000,0.923000,-0.040299,0.016692,0.382319,0.000000,0.000000,0.000000
0.045018,0.000000,0.000000,1471.465942,0.000000,0.000000,0.000000,0.923000,-0.040299,0.016692,0.382319,0.000000,0.000000,0.000000
0.047794,0.000000,0.000000,1471.465942,0.000000,0.000000,0.000000,0.923000,-0.040299,0.016692,0.382319,0.000000,0.000000,0.000000
0.050569,0.000000,0.000000,1471.465942,0.000000,0.000000,0.000000,0.923000,-0.040299,0.016692,0.382319,0.000000,0.000000,0.000000
0.051535,0.000000,0.000000,1471.465942,0.000000,0.000000,0.000000,0.923000,-0.040299,0.016692,0.382319,0.000000,0.000000,0.000000
0.052502,0.000000,0.000000,1471.465942,0.000000,0.000000,0.000000,0.923000,-0.040299,0.016692,0.382319,0.000000,0.000000,0.000000
0.054434,0.000000,0.000000,1471.465942,0.000000,0.000000,0.000000,0.923000,-0.040299,0.016692,0.382319,0.000000,0.000000,0.000000
0.056367,0.000000,0.000000,1471.465942,0.000000,0.000000,0.000000,0.923000,-0.040299,0.016692,0.382319,0.000000,0.000000,0.000000
0.058299,0.000000,0.000000,1471.465944,0.000000,0.000165,0.001884,0.923000,-0.040299,0.016692,0.382319,0.000000,0.000000,0.000000
0.060668,0.000000,0.000002,1471.465961,0.000000,0.001051,0.012016,0.923000,-0.040299,0.016692,0.382319,0.000000,0.000000,0.000000
0.063038,0.000000,0.000006,1471.466014,0.000000,0.002902,0.033172,0.923000,-0.040299,0.016692,0.382319,0.000000,0.000000,0.000000
0.065407,0.000000,0.000016,1471.466131,0.000000,0.005718,0.065353,0.923000,-0.040299,0.016692,0.382319,0.000000,0.000000,0.000000
0.089099,0.000000,0.000914,1471.476392,0.000000,0.086950,0.993848,0.923000,-0.040299,0.016692,0.382319,0.000000,0.000000,0.000000
0.092840,0.000000,0.001280,1471.480577,0.000000,0.108780,1.243359,0.923000,-0.040299,0.016692,0.382319,0.000000,0.000000,0.000000
0.095809,0.000000,0.001632,1471.484601,0.000000,0.128450,1.468188,0.923000,-0.040299,0.016692,0.382319,0.000000,0.000000,0.000000
0.098777,0.000000,0.002047,1471.489336,0.000000,0.150626,1.721660,0.923000,-0.040299,0.016692,0.382319,0.000000,0.000000,0.000000
0.101038,0.000000,0.002408,1471.493465,0.000000,0.168888,1.930396,0.923000,-0.040299,0.016692,0.382319,0.000000,0.000000,0.000000
0.103299,0.000000,0.002811,1471.498072,0.000000,0.187613,2.144423,0.923000,-0.040299,0.016692,0.382319,0.000000,0.000000,0.000000
0.105561,0.000000,0.003256,1471.503164,0.000000,0.206433,2.359540,0.923000,-0.040299,0.016692,0.382319,0.000000,0.000000,0.000000
0.110083,0.000000,0.004276,1471.514815,0.000000,0.244360,2.793046,0.923000,-0.040299,0.016692,0.382319,0.000000,0.000000,0.000000
0.114605,0.000000,0.005467,1471.528436,0.000000,0.282669,3.230917,0.923000,-0.040299,0.016692,0.382319,0.000000,0.000000,0.000000
0.119128,0.000000,0.006833,1471.544047,0.000000,0.321360,3.673156,0.923000,-0.040299,0.016692,0.382319,0.000000,0.000000,0.000000
0.131053,0.000000,0.011285,1471.594929,0.000000,0.425221,4.860294,0.923000,-0.040299,0.016692,0.382319,0.000000,0.000000,0.000000
0.142978,0.000000,0.016991,1471.660148,0.000000,0.531745,6.077868,0.923000,-0.040299,0.016692,0.382319,0.000000,0.000000,0.000000
0.149850,0.000000,0.020860,1471.704374,0.000000,0.594342,6.793355,0.923000,-0.040299,0.016692,0.382319,0.000000,0.000000,0.000000
0.154133,0.000000,0.023489,1471.734423,0.000000,0.633317,7.238851,0.923000,-0.040299,0.016692,0.382319,0.000000,0.000000,0.000000
0.158416,0.000000,0.026283,1471.766364,0.000000,0.671652,7.677012,0.923000,-0.040299,0.016692,0.382319,0.000000,0.000000,0.000000
0.162698,0.000000,0.029241,1471.800165,0.000000,0.709326,8.107634,0.923000,-0.040299,0.016692,0.382319,0.000000,0.000000,0.000000
0.171264,0.000000,0.035631,1471.873203,0.000000,0.782694,8.946229,0.923000,-0.040299,0.016692,0.382319,0.000000,0.000000,0.000000
0.179830,0.000000,0.042638,1471.953295,0.000000,0.853417,9.754599,0.923000,-0.040299,0.016692,0.382319,0.000000,0.000000,0.000000
0.188395,0.000000,0.050239,1472.040181,0.000000,0.921492,10.532704,0.923000,-0.040299,0.016692,0.382319,0.000000,0.000000,0.000000
0.194793,0.000000,0.056292,1472.109362,0.000000,0.970609,11.094109,0.923000,-0.040299,0.016692,0.382319,0.000000,0.000000,0.000000
0.201191,0.000000,0.062654,1472.182086,0.000000,1.018393,11.640283,0.923000,-0.040299,0.016692,0.382319,0.000000,0.000000,0.000000
0.206183,0.000000,0.067831,1472.241253,0.000000,1.055253,12.061598,0.923000,-0.040299,0.016692,0.382319,0.000000,0.000000,0.000000
0.211176,0.000000,0.073192,1472.302526,0.000000,1.092179,12.483667,0.923000,-0.040299,0.016692,0.382319,0.000000,0.000000,0.000000
0.216169,0.000000,0.078737,1472.365908,0.000000,1.129172,12.906490,0.923000,-0.040299,0.016692,0.382319,0.000000,0.000000,0.000000
0.226154,0.000000,0.090382,1472.499014,0.000000,1.203354,13.754396,0.923000,-0.040299,0.016692,0.382319,0.000000,0.000000,0.000000
0.236139,0.000000,0.102769,1472.640601,0.000000,1.277800,14.605319,0.923000,-0.040299,0.016692,0.382319,0.000000,0.000000,0.000000
0.246124,0.000000,0.115901,1472.790700,0.000000,1.352510,15.459263,0.923000,-0.040299,0.016692,0.382319,0.000000,0.000000,0.000000
0.256110,0.000000,0.129781,1472.949342,0.000000,1.427485,16.316227,0.923000,-0.040299,0.016692,0.382319,0.000000,0.000000,0.000000
0.355963,0.000000,0.310259,1475.012219,0.000000,2.191809,25.052487,0.923000,-0.040299,0.016692,0.382319,0.000000,0.000000,0.000000
0.367791,0.000000,0.336729,1475.314770,0.000000,2.284104,26.107432,0.923000,-0.040299,0.016692,0.382319,0.000000,0.000000,0.000000
0.369798,-0.000001,0.341348,1475.367531,-0.000398,2.301634,26.286743,0.922999,-0.040299,0.016693,0.382321,0.000419,0.000220,0.001973
0.371805,-0.000002,0.346003,1475.420652,-0.000799,2.319175,26.466178,0.922998,-0.040298,0.016694,0.382325,0.000841,0.000442,0.003971
0.375819,-0.000007,0.355384,1475.527615,-0.001605,2.354280,26.825294,0.922993,-0.040296,0.016696,0.382336,0.001690,0.000889,0.008016
0.379833,-0.000015,0.364905,1475.636020,-0.002419,2.389429,27.184902,0.922986,-0.040293,0.016701,0.382354,0.002549,0.001341,0.012161
0.383848,-0.000027,0.374567,1475.745870,-0.003239,2.424623,27.545002,0.922975,-0.040288,0.016707,0.382380,0.003418,0.001800,0.016407
0.416127,-0.000238,0.457418,1476.681951,-0.009880,2.709173,30.458602,0.922764,-0.040197,0.016829,0.382894,0.010763,0.005704,0.054350
0.448407,-0.000656,0.549497,1477.712604,-0.015967,2.996277,33.404157,0.922299,-0.040005,0.017085,0.384022,0.018735,0.009962,0.099483
0.480687,-0.001250,0.650880,1478.838855,-0.020539,3.285641,36.381764,0.921532,-0.039704,0.017490,0.385871,0.027311,0.014518,0.152366
0.512967,-0.001952,0.761633,1480.061702,-0.022523,3.576683,39.388564,0.920408,-0.039284,0.018057,0.388561,0.036463,0.019298,0.213529
0.548489,-0.002726,0.894381,1481.519967,-0.020335,3.897523,42.720131,0.918685,-0.038672,0.018879,0.392637,0.047151,0.024694,0.290966
0.584011,-0.003318,1.038519,1483.096880,-0.011971,4.217770,46.067348,0.916364,-0.037890,0.019923,0.398048,0.058413,0.030065,0.379525
0.619533,-0.003477,1.194016,1484.792988,0.004355,4.537020,49.431387,0.913338,-0.036922,0.021196,0.404967,0.070149,0.035198,0.479637
0.655055,-0.002886,1.360828,1486.608892,0.030527,4.854755,52.812238,0.909485,-0.035754,0.022703,0.413568,0.082231,0.039843,0.591657
0.697115,-0.000691,1.572886,1488.914728,0.076933,5.228299,56.837028,0.903663,-0.034088,0.024785,0.426159,0.096748,0.044327,0.740069
0.739175,0.003863,1.800581,1491.390338,0.143233,5.598151,60.885259,0.896214,-0.032090,0.027175,0.441618,0.111130,0.047224,0.905867
0.781235,0.011682,2.043739,1494.036708,0.232758,5.963518,64.956788,0.886817,-0.029732,0.029838,0.460191,0.124872,0.048025,1.089200
0.823295,0.023813,2.302158,1496.854812,0.348733,6.323700,69.051414,0.875090,-0.026987,0.032725,0.482090,0.137324,0.046272,1.290058
0.865355,0.041430,2.575607,1499.845617,0.494129,6.678130,73.168873,0.860590,-0.023834,0.035763,0.507475,0.147674,0.041641,1.508282
0.918159,0.073313,2.939807,1503.846464,0.722222,7.114390,78.370052,0.837653,-0.019278,0.039651,0.544413,0.156221,0.031635,1.806356
0.970964,0.118657,3.326781,1508.122881,1.004450,7.540757,83.605995,0.808323,-0.014059,0.043412,0.586963,0.157893,0.017570,2.130388
1.023769,0.180370,3.736010,1512.676581,1.342233,7.957277,88.870438,0.771205,-0.008225,0.046787,0.634807,0.150776,0.001243,2.479141
1.076574,0.261349,4.166967,1517.508589,1.733403,8.363569,94.141470,0.724734,-0.001883,0.049503,0.687241,0.133684,-0.014118,2.851062
1.129379,0.364286,4.619132,1522.618769,2.172870,8.761013,99.406166,0.667215,0.004784,0.051303,0.743078,0.107065,-0.024063,3.244068
1.182184,0.491549,5.092126,1528.006834,2.653395,9.153270,104.669155,0.596909,0.011532,0.051981,0.800538,0.074021,-0.024106,3.655952
1.197259,0.532624,5.230947,1529.595978,2.796637,9.264815,106.170714,0.574258,0.013434,0.051951,0.816912,0.064167,-0.021772,3.776674
1.212333,0.575875,5.371449,1531.207750,2.942056,9.376359,107.672021,0.550394,0.015311,0.051818,0.833153,0.054435,-0.018304,3.898689
1.227407,0.621332,5.513633,1532.842153,3.089344,9.488015,109.173027,0.525284,0.017158,0.051583,0.849187,0.045014,-0.013691,4.021945
1.242482,0.669022,5.657501,1534.499180,3.238172,9.599895,110.673750,0.498898,0.018968,0.051246,0.864934,0.036104,-0.007950,4.146395
1.257556,0.718965,5.803059,1536.178827,3.388198,9.712110,112.174205,0.471209,0.020734,0.050809,0.880311,0.027911,-0.001129,4.271971
1.274829,0.778982,5.971932,1538.131266,3.561120,9.841253,113.893195,0.437850,0.022697,0.050188,0.897357,0.019667,0.007898,4.417186
1.292102,0.841991,6.143041,1540.113394,3.734602,9.971159,115.611872,0.402720,0.024588,0.049444,0.913654,0.012926,0.018037,4.563741
1.309375,0.907997,6.316402,1542.125206,3.908082,10.101995,117.330260,0.365802,0.026398,0.048582,0.929047,0.007958,0.029035,4.711553
1.326648,0.976996,6.492032,1544.166698,4.080994,10.233925,119.048383,0.327083,0.028124,0.047609,0.943374,0.004987,0.040573,4.860548
1.352810,1.087165,6.762409,1547.315256,4.340543,10.436180,121.650207,0.265019,0.030569,0.045943,0.962661,0.004646,0.058235,5.088268
1.378972,1.204070,7.038120,1550.531876,4.595552,10.641807,124.251560,0.198894,0.032806,0.044070,0.978479,0.009496,0.074770,5.318236
1.405134,1.327566,7.319260,1553.816547,4.844175,10.851241,126.852505,0.128844,0.034839,0.042019,0.990160,0.019282,0.088553,5.550211
1.431296,1.457464,7.605933,1557.169259,5.084705,11.064843,129.453083,0.055095,0.036685,0.039816,0.997011,0.033180,0.098007,5.783897
1.457457,1.593533,7.898252,1560.590002,5.315647,11.282870,132.053316,-0.022029,0.038365,0.037480,0.998317,0.049795,0.101806,6.019077
1.486240,1.750038,8.226513,1564.431954,5.557185,11.528014,134.913581,-0.110257,0.040058,0.034764,0.992487,0.068931,0.098461,6.279285
1.515022,1.913292,8.561908,1568.356212,5.784368,11.778614,137.772216,-0.201302,0.041630,0.031890,0.978125,0.086051,0.087087,6.540707
1.543804,2.082867,8.904590,1572.362683,5.996315,12.034206,140.625552,-0.294236,0.043122,0.028831,0.954326,0.098075,0.068747,6.803045
1.572586,2.258321,9.254694,1576.451179,6.192910,12.294268,143.471689,-0.387937,0.044562,0.025538,0.920257,0.102381,0.045794,7.065983
1.601369,2.439219,9.612341,1580.621490,6.374837,12.558274,146.310974,-0.481086,0.045956,0.021944,0.875198,0.097377,0.021679,7.329229
1.627332,2.606735,9.941520,1584.453414,6.527422,12.799193,148.866071,-0.563386,0.047156,0.018378,0.824648,0.084795,0.002319,7.566726
1.653296,2.778087,10.276982,1588.351601,6.670506,13.042078,151.415227,-0.642768,0.048257,0.014443,0.764410,0.065810,-0.011698,7.804046
1.679259,2.953048,10.618767,1592.315894,6.805860,13.286216,153.958314,-0.717883,0.049188,0.010087,0.694360,0.042847,-0.017984,8.040997
1.705223,3.131446,10.966898,1596.346134,6.935575,13.530848,156.495208,-0.787288,0.049852,0.005274,0.614556,0.019259,-0.015230,8.277445
1.731186,3.313164,11.321380,1600.442159,7.061985,13.775202,159.025789,-0.849468,0.050127,-0.000005,0.525269,-0.001156,-0.003598,8.513236
1.752565,3.465250,11.618030,1603.864266,7.165354,13.975670,161.104743,-0.894146,0.049966,-0.004686,0.444974,-0.013023,0.011419,8.706802
1.773945,3.619552,11.918955,1607.330773,7.269587,14.175040,163.179252,-0.931993,0.049369,-0.009632,0.358996,-0.018758,0.029466,8.899724
1.795324,3.776105,12.224127,1610.841583,7.376075,14.372946,165.249248,-0.962142,0.048256,-0.014788,0.267870,-0.017529,0.048237,9.091946
1.816704,3.934970,12.533512,1614.396599,7.486139,14.569077,167.314646,-0.983756,0.046557,-0.020076,0.172262,-0.009395,0.065187,9.283430
1.838083,4.096237,12.847069,1617.995722,7.600981,14.763177,169.375349,-0.996041,0.044213,-0.025399,0.072969,0.004626,0.077883,9.474146
1.858140,4.249813,13.144982,1621.412221,7.713996,14.943261,171.304239,-0.998436,0.041391,-0.030322,-0.022706,0.021432,0.084183,9.652266
1.878197,4.405714,13.446486,1624.867364,7.832835,15.121308,173.228843,-0.991448,0.037951,-0.035071,-0.119933,0.039607,0.084077,9.829613
1.898254,4.564060,13.751542,1628.361066,7.958009,15.297292,175.149079,-0.974629,0.033897,-0.039535,-0.217741,0.056757,0.077451,10.006174
1.918311,4.724984,14.060106,1631.893237,8.089827,15.471252,177.064872,-0.947629,0.029259,-0.043600,-0.315068,0.070554,0.065099,10.181860
1.938368,4.888619,14.372140,1635.463788,8.228373,15.643298,178.976160,-0.910215,0.024085,-0.047159,-0.410769,0.079084,0.048665,10.356679
1.956833,5.041780,14.662446,1638.784822,8.361753,15.800141,180.731725,-0.866473,0.018909,-0.049902,-0.496391,0.081254,0.031902,10.516857
1.975298,5.197453,14.955636,1642.138237,8.500428,15.955680,182.483381,-0.813846,0.013412,-0.052066,-0.578611,0.077767,0.015682,10.676231
1.993763,5.355733,15.251687,1645.523960,8.643951,16.110131,184.231106,-0.752479,0.007673,-0.053598,-0.656408,0.069200,0.002029,10.834811
2.012228,5.516703,15.550582,1648.941916,8.791696,16.263711,185.974509,-0.682640,0.001782,-0.054458,-0.728741,0.056858,-0.007351,10.992598
2.030693,5.680433,15.852306,1652.392018,8.942855,16.416606,187.712574,-0.604724,-0.004166,-0.054628,-0.794568,0.042620,-0.011341,11.149562
2.049261,5.847913,16.158548,1655.893580,9.097412,16.569927,189.454632,-0.518770,-0.010109,-0.054096,-0.853159,0.028622,-0.009585,11.306551
2.067829,6.018278,16.467635,1659.427436,9.253587,16.723128,191.191116,-0.425871,-0.015920,-0.052873,-0.903115,0.017183,-0.002601,11.462679
2.086396,6.191551,16.779567,1662.993483,9.410358,16.876502,192.922021,-0.326852,-0.021514,-0.050986,-0.943471,0.010192,0.008192,11.617930
2.104964,6.367732,17.094351,1666.591618,9.566683,17.030331,194.647381,-0.222681,-0.026814,-0.048475,-0.973334,0.008851,0.020708,11.772287
2.123532,6.546803,17.411998,1670.221736,9.721523,17.184873,196.367221,-0.114465,-0.031753,-0.045388,-0.991900,0.013439,0.032498,11.925760
2.142099,6.728728,17.732522,1673.883737,9.873886,17.340353,198.081563,-0.003439,-0.036279,-0.041778,-0.998480,0.023211,0.041157,12.078301
2.160667,6.913452,18.055944,1677.577519,10.022863,17.496956,199.790431,0.109037,-0.040349,-0.037703,-0.992522,0.036474,0.044743,12.229930
2.179234,7.100904,18.382285,1681.302979,10.167659,17.654815,201.493836,0.221498,-0.043933,-0.033214,-0.973624,0.050829,0.042151,12.380657
2.197802,7.291001,18.711569,1685.060017,10.307626,17.814012,203.191775,0.332390,-0.047006,-0.028364,-0.941564,0.063575,0.033364,12.530436
2.216370,7.483648,19.043822,1688.848531,10.442292,17.974571,204.884245,0.440087,-0.049550,-0.023197,-0.896310,0.072186,0.019512,12.679292
2.234937,7.678745,19.379068,1692.668419,10.571379,18.136453,206.571218,0.542918,-0.051546,-0.017753,-0.838040,0.074797,0.002730,12.827239
2.257226,7.916029,19.785493,1697.295195,10.718886,18.332392,208.588993,0.657553,-0.053189,-0.010903,-0.751478,0.068940,-0.017341,13.003580
2.279515,8.156514,20.196303,1701.966856,10.858547,18.529830,210.598710,0.759849,-0.053968,-0.003767,-0.647877,0.054329,-0.032598,13.178590
2.301805,8.400029,20.611526,1706.683221,10.991072,18.728410,212.600279,0.847018,-0.053825,0.003586,-0.528859,0.034469,-0.039153,13.352289
2.324094,8.646430,21.031184,1711.444108,11.117598,18.927681,214.593605,0.916462,-0.052687,0.011072,-0.396535,0.014481,-0.035403,13.524632
2.346383,8.895597,21.455287,1716.249330,11.239570,19.127140,216.578577,0.965863,-0.050480,0.018573,-0.253489,-0.000325,-0.022628,13.695685
2.368672,9.147447,21.883833,1721.098702,11.358673,19.326261,218.555082,0.993272,-0.047133,0.025939,-0.102742,-0.005990,-0.004738,13.865398
2.378667,9.261244,22.077447,1723.287614,11.411634,19.415302,219.438634,0.998007,-0.045248,0.029149,-0.033534,-0.005100,0.003501,13.941097
2.388662,9.375569,22.271950,1725.485348,11.464556,19.504123,220.320446,0.997912,-0.043121,0.032274,0.036211,-0.002145,0.011139,14.016522
2.398657,9.490424,22.467340,1727.691887,11.517599,19.592681,221.200509,0.992908,-0.040752,0.035293,0.106151,0.002664,0.017693,14.091682
2.408652,9.605811,22.663613,1729.907214,11.570925,19.680938,222.078811,0.982942,-0.038143,0.038185,0.175934,0.009001,0.022738,14.166577
2.418647,9.721732,22.860767,1732.131311,11.624692,19.768856,222.955343,0.967986,-0.035299,0.040926,0.245200,0.016439,0.025946,14.241207
2.427300,9.822523,23.032153,1734.063798,11.671709,19.844668,223.712726,0.951007,-0.032651,0.043159,0.304463,0.023388,0.027074,14.305603
2.435953,9.923722,23.204194,1736.002832,11.719255,19.920185,224.468768,0.930303,-0.029837,0.045247,0.362823,0.030446,0.026606,14.369802
2.444606,10.025335,23.376887,1737.948403,11.767416,19.995389,225.223460,0.905906,-0.026866,0.047174,0.420038,0.037263,0.024561,14.433816
2.453259,10.127369,23.550229,1739.900498,11.816265,20.070266,225.976793,0.877862,-0.023746,0.048925,0.475864,0.043499,0.021034,14.497655
2.466869,10.288721,23.824187,1742.984133,11.894653,20.187357,227.158948,0.826532,-0.018565,0.051291,0.560281,0.051404,0.012915,14.597673
2.480479,10.451155,24.099733,1746.083834,11.975123,20.303590,228.337700,0.766678,-0.013095,0.053135,0.639730,0.056162,0.002540,14.697207
2.494090,10.614699,24.376854,1749.199555,12.057828,20.418958,229.513021,0.698735,-0.007394,0.054412,0.713301,0.057217,-0.008841,14.796265
2.507700,10.779384,24.655541,1752.331251,12.142870,20.533493,230.685171,0.623242,-0.001531,0.055084,0.780114,0.054492,-0.019868,14.894861
2.521310,10.945243,24.935780,1755.478882,12.230323,20.647300,231.854970,0.540834,0.004420,0.055125,0.839337,0.048399,-0.029246,14.993015
2.539449,11.168167,25.311660,1759.698507,12.350561,20.797978,233.410922,0.421544,0.012353,0.054169,0.905130,0.036558,-0.037402,15.123128
2.557587,11.393309,25.690264,1763.946322,12.474699,20.947638,234.963082,0.293286,0.020109,0.052055,0.954418,0.023117,-0.039378,15.252482
2.575726,11.620733,26.071574,1768.222257,12.602232,21.096477,236.511500,0.158321,0.027496,0.048812,0.985820,0.011224,-0.035322,15.381087
2.593864,11.850497,26.455579,1772.526244,12.732465,21.244727,238.056187,0.019145,0.034333,0.044510,0.998257,0.003544,-0.026888,15.508956
2.612003,12.082641,26.842269,1776.858215,12.864565,21.392643,239.597148,-0.121556,0.040454,0.039246,0.991005,0.001574,-0.016821,15.636094
2.630141,12.317192,27.231641,1781.218104,12.997606,21.540485,241.134402,-0.260947,0.045720,0.033147,0.963723,0.005243,-0.008233,15.762570
2.640749,12.455480,27.460596,1783.780762,13.075460,21.627020,242.031772,-0.340696,0.048357,0.029249,0.938497,0.009399,-0.005001,15.836234
2.651357,12.594594,27.690470,1786.352933,13.153116,21.713682,242.928050,-0.418409,0.050644,0.025146,0.906521,0.014417,-0.003568,15.909657
2.661964,12.734529,27.921264,1788.934606,13.230381,21.800514,243.823219,-0.493497,0.052566,0.020868,0.867932,0.019685,-0.004115,15.982850
2.672572,12.875281,28.152980,1791.525769,13.307072,21.887558,244.717291,-0.565378,0.054113,0.016447,0.822918,0.024555,-0.006626,16.055815
2.683180,13.016843,28.385621,1794.126410,13.383014,21.974850,245.610278,-0.633479,0.055276,0.011916,0.771720,0.028415,-0.010885,16.128557
2.696565,13.196612,28.680499,1797.421490,13.477530,22.085403,246.735546,-0.713156,0.056186,0.006090,0.698756,0.031057,-0.018122,16.220059
2.709950,13.377635,28.976859,1800.731621,13.570325,22.196452,247.859111,-0.784862,0.056470,0.000201,0.617129,0.030579,-0.026379,16.311273
2.723336,13.559887,29.274710,1804.056780,13.661176,22.308029,248.980976,-0.847597,0.056127,-0.005689,0.527677,0.026772,-0.034340,16.402132
2.736721,13.743341,29.574058,1807.396944,13.749918,22.420150,250.101148,-0.900445,0.055161,-0.011523,0.431358,0.019957,-0.040694,16.492663
2.750106,13.927969,29.874910,1810.752090,13.836451,22.532813,251.219626,-0.942591,0.053580,-0.017242,0.329245,0.010956,-0.044347,16.582868
2.768635,14.185429,30.293876,1815.421314,13.952554,22.689625,252.765137,-0.981986,0.050398,-0.024864,0.180533,-0.002854,-0.043737,16.707244
2.787165,14.445002,30.715757,1820.119144,14.064520,22.847325,254.307375,-0.998098,0.046097,-0.032007,0.026390,-0.014863,-0.036492,16.831098
2.805694,14.706615,31.140566,1824.845519,14.172732,23.005760,255.846313,-0.990013,0.040729,-0.038520,-0.129522,-0.021816,-0.024440,16.954332
2.824223,14.970202,31.568316,1829.600380,14.277813,23.164720,257.381912,-0.957400,0.034365,-0.044249,-0.283355,-0.021880,-0.010894,17.077036
2.842752,15.235713,31.999015,1834.383662,14.380560,23.323963,258.914124,-0.900551,0.027095,-0.049033,-0.431177,-0.015265,0.000329,17.199248
2.861281,15.503114,32.432665,1839.195304,14.481891,23.483232,260.442906,-0.820402,0.019042,-0.052716,-0.569072,-0.004175,0.006097,17.320901
2.872516,15.666152,32.697026,1842.126404,14.543058,23.579697,261.368120,-0.761106,0.013843,-0.054348,-0.646232,0.003242,0.006227,17.394436
2.883750,15.829877,32.962469,1845.067891,14.604291,23.676017,262.292041,-0.694286,0.008454,-0.055488,-0.717538,0.010126,0.003820,17.467765
2.894984,15.994292,33.228993,1848.019750,14.665803,23.772140,263.214658,-0.620494,0.002922,-0.056110,-0.782224,0.015677,-0.000785,17.540902
2.906219,16.159400,33.496596,1850.981965,14.727766,23.867974,264.135460,-0.540366,-0.002701,-0.056189,-0.839574,0.019253,-0.006997,17.613856
2.917453,16.325207,33.765273,1853.954507,14.790266,23.963334,265.052881,-0.454612,-0.008360,-0.055709,-0.888931,0.020457,-0.014045,17.686636
2.931690,16.536350,34.107303,1857.736403,14.870428,24.083354,266.209583,-0.339086,-0.015489,-0.054280,-0.939085,0.018433,-0.022848,17.778576
2.945928,16.748644,34.451035,1861.534720,14.951932,24.202425,267.359913,-0.217530,-0.022450,-0.051926,-0.974436,0.012904,-0.029966,17.870171
2.960165,16.962110,34.796456,1865.349369,15.034971,24.320511,268.503795,-0.091833,-0.029111,-0.048663,-0.994182,0.004996,-0.034118,17.961403
2.974402,17.176769,35.143550,1869.180258,15.119658,24.437605,269.641197,0.036000,-0.035340,-0.044524,-0.997758,-0.003743,-0.034661,18.052254
2.988640,17.392645,35.492305,1873.027295,15.206013,24.553719,270.772111,0.163876,-0.041008,-0.039567,-0.984859,-0.011661,-0.031703,18.142707
3.005188,17.645126,35.899741,1877.518997,15.308026,24.687023,272.073245,0.309721,-0.046733,-0.032883,-0.949135,-0.017999,-0.024990,18.247295
3.021737,17.899298,36.309355,1882.031952,15.409719,24.816196,273.333547,0.449327,-0.051372,-0.025358,-0.891555,-0.020100,-0.016832,18.351112
3.033228,18.076775,36.595024,1885.177768,15.478713,24.901913,274.167191,0.540828,-0.053883,-0.019734,-0.839202,-0.019069,-0.011614,18.422548
3.044720,18.255038,36.881662,1888.332985,15.546618,24.985025,274.973374,0.626617,-0.055770,-0.013863,-0.777236,-0.016413,-0.007587,18.493226
3.056211,18.434074,37.169239,1891.497305,15.612990,25.065250,275.748496,0.705651,-0.057008,-0.007815,-0.706253,-0.012764,-0.005242,18.563076
3.067703,18.613862,37.457721,1894.670350,15.677657,25.142694,276.493163,0.776946,-0.057579,-0.001666,-0.626964,-0.008894,-0.004780,18.631979
3.079194,18.794383,37.747078,1897.851779,15.740404,25.217403,277.207369,0.839592,-0.057477,0.004510,-0.540193,-0.005574,-0.006091,18.699651
3.090686,18.975613,38.037278,1901.041240,15.801019,25.289421,277.891088,0.892764,-0.056704,0.010636,-0.446869,-0.003469,-0.008770,18.766271
3.094468,19.035421,38.132985,1902.092838,15.820471,25.312546,278.109487,0.908067,-0.056304,0.012630,-0.414887,-0.003124,-0.009849,18.787881
3.098251,19.095301,38.228778,1903.145256,15.839663,25.335386,278.324583,0.922242,-0.055833,0.014608,-0.382345,-0.002971,-0.010983,18.809375
3.102034,19.155254,38.324658,1904.198482,15.858589,25.357941,278.536379,0.935264,-0.055291,0.016568,-0.349280,-0.003015,-0.012144,18.830735
3.105816,19.215278,38.420622,1905.252502,15.877242,25.380214,278.744874,0.947115,-0.054680,0.018507,-0.315735,-0.003260,-0.013304,18.851961
3.109599,19.275372,38.516670,1906.307305,15.895616,25.402204,278.950071,0.957774,-0.053999,0.020422,-0.281751,-0.003702,-0.014437,18.873024
3.117001,19.393165,38.704858,1908.373595,15.930742,25.444426,279.342060,0.975119,-0.052472,0.024095,-0.214140,-0.005118,-0.016468,18.913857
3.124403,19.511213,38.893354,1910.442740,15.964736,25.485579,279.721417,0.987721,-0.050692,0.027652,-0.145333,-0.007192,-0.018093,18.954089
3.131806,19.629509,39.082152,1912.514646,15.997563,25.525671,280.088148,0.995484,-0.048667,0.031077,-0.075666,-0.009796,-0.019147,18.993636
3.139208,19.748043,39.271242,1914.589221,16.029190,25.564706,280.442256,0.998341,-0.046409,0.034354,-0.005480,-0.012767,-0.019498,19.032520
3.146610,19.866807,39.460617,1916.666370,16.059591,25.602689,280.783744,0.996246,-0.043926,0.037467,0.064876,-0.015908,-0.019063,19.070787
3.155710,20.013116,39.693812,1919.223393,16.095256,25.647943,281.186281,0.986859,-0.040585,0.041048,0.151082,-0.019693,-0.017414,19.116929
3.164810,20.159740,39.927413,1921.783993,16.129011,25.691610,281.569758,0.969978,-0.036946,0.044336,0.236350,-0.023024,-0.014593,19.162054
3.173910,20.306663,40.161403,1924.347995,16.160843,25.733687,281.934184,0.945679,-0.033034,0.047305,0.320019,-0.025546,-0.010781,19.206089
3.183011,20.453867,40.395769,1926.915228,16.190751,25.774167,282.279567,0.914098,-0.028876,0.049935,0.401431,-0.026976,-0.006262,19.249030
3.192111,20.601334,40.630496,1929.485517,16.218747,25.813043,282.605915,0.875432,-0.024498,0.052206,0.479941,-0.027133,-0.001397,19.290926
3.201211,20.749047,40.865570,1932.058689,16.244854,25.850304,282.913235,0.829933,-0.019931,0.054101,0.554920,-0.025949,0.003417,19.331717
3.213184,20.943741,41.175361,1935.448331,16.276385,25.896846,283.288606,0.760196,-0.013684,0.055993,0.647168,-0.022464,0.008995,19.383701
3.225157,21.138794,41.485692,1938.842271,16.304816,25.940534,283.631070,0.680037,-0.007235,0.057175,0.730941,-0.017222,0.012978,19.433607
3.237130,21.334170,41.796529,1942.240115,16.330277,25.981326,283.940646,0.590472,-0.000660,0.057624,0.805027,-0.010965,0.014795,19.481427
3.249103,21.529833,42.107837,1945.641468,16.352919,26.019178,284.217360,0.492660,0.005959,0.057324,0.868337,-0.004601,0.014213,19.527099
3.261077,21.725751,42.419581,1949.045938,16.372906,26.054044,284.461233,0.387894,0.012539,0.056266,0.919923,0.000947,0.011377,19.570656
3.273050,21.921893,42.731723,1952.453131,16.390408,26.085878,284.672289,0.277578,0.018993,0.054451,0.958993,0.004894,0.006780,19.612190
3.285023,22.118231,43.044229,1955.862655,16.405595,26.114636,284.850554,0.163211,0.025234,0.051889,0.984924,0.006710,0.001176,19.651622
3.296996,22.314738,43.357060,1959.274117,16.418635,26.140276,284.996058,0.046364,0.031172,0.048603,0.997275,0.006208,-0.004543,19.688849
3.308969,22.511391,43.670181,1962.687153,16.430029,26.163252,285.114018,-0.071337,0.036719,0.044625,0.995798,0.003557,-0.009497,19.723864
3.320942,22.708173,43.983566,1966.101473,16.440480,26.184326,285.212833,-0.188245,0.041792,0.039999,0.980438,-0.000748,-0.012954,19.756750
3.332916,22.905077,44.297192,1969.516880,16.450431,26.203922,285.297297,-0.302706,0.046308,0.034780,0.951343,-0.005981,-0.014445,19.787642
3.344889,23.102097,44.611045,1972.933213,16.459961,26.221994,285.367114,-0.413092,0.050194,0.029036,0.908861,-0.011309,-0.013830,19.816598
3.356862,23.299230,44.925105,1976.350295,16.469030,26.238360,285.420554,-0.517820,0.053383,0.022844,0.853537,-0.015933,-0.011302,19.843616
3.368835,23.496469,45.239351,1979.767923,16.477669,26.252984,285.457328,-0.615381,0.055819,0.016291,0.786105,-0.019220,-0.007342,19.868771
3.380808,23.693808,45.553761,1983.185891,16.485956,26.265943,285.478279,-0.704359,0.057457,0.009472,0.707476,-0.020792,-0.002622,19.892135
3.392781,23.891245,45.868317,1986.604011,16.493924,26.277290,285.483933,-0.783455,0.058265,0.002488,0.618733,-0.020580,0.002118,19.913792
3.404754,24.088775,46.182999,1990.022114,16.501635,26.287157,285.475580,-0.851507,0.058225,-0.004556,0.521111,-0.018810,0.006202,19.933787
3.416728,24.286398,46.497792,1993.440057,16.509324,26.295952,285.457382,-0.907507,0.057333,-0.011553,0.415983,-0.015950,0.009127,19.952154
3.430147,24.508009,46.850741,1997.270672,16.518130,26.304968,285.429582,-0.954923,0.055334,-0.019207,0.291071,-0.012199,0.010724,19.970924
3.443567,24.729740,47.203806,2001.100868,16.527123,26.313272,285.395505,-0.985253,0.052316,-0.026521,0.160826,-0.008722,0.010610,19.987932
3.456987,24.951592,47.556977,2004.930558,16.536090,26.320800,285.354132,-0.997906,0.048336,-0.033356,0.027587,-0.006242,0.009241,20.003281
3.468141,25.136077,47.850593,2008.113194,16.543354,26.326416,285.313410,-0.994767,0.044351,-0.038579,-0.083711,-0.005234,0.007665,20.014827
3.479295,25.320642,48.144268,2011.295345,16.550362,26.331500,285.267223,-0.979243,0.039808,-0.043316,-0.194027,-0.005202,0.006179,20.025313
3.490449,25.505283,48.437997,2014.476948,16.557045,26.336114,285.215975,-0.951507,0.034767,-0.047508,-0.301980,-0.005971,0.005188,20.034799
3.501603,25.689997,48.731775,2017.657950,16.563319,26.340283,285.159711,-0.911890,0.029295,-0.051105,-0.406215,-0.007217,0.004983,20.043358
3.512757,25.874777,49.025597,2020.838298,16.569085,26.344011,285.098264,-0.860871,0.023462,-0.054063,-0.505421,-0.008533,0.005697,20.051016
3.523911,26.059619,49.319459,2024.017935,16.574258,26.347303,285.031555,-0.799078,0.017343,-0.056349,-0.598348,-0.009493,0.007283,20.057801
3.536443,26.267362,49.649666,2027.589475,16.579279,26.350507,284.950386,-0.717752,0.010222,-0.058085,-0.693812,-0.009696,0.009830,20.064443
3.548976,26.475162,49.979910,2031.159955,16.583390,26.353211,284.862749,-0.625067,0.002947,-0.058918,-0.778351,-0.008645,0.012690,20.070085
3.561508,26.683007,50.310185,2034.729296,16.586537,26.355430,284.768675,-0.522484,-0.004369,-0.058841,-0.850615,-0.006263,0.015244,20.074772
3.574040,26.890885,50.640485,2038.297418,16.588677,26.357161,284.668132,-0.411622,-0.011616,-0.057856,-0.909451,-0.002756,0.016890,20.078517
3.586572,27.098784,50.970804,2041.864240,16.589794,26.358404,284.561098,-0.294235,-0.018685,-0.055981,-0.953917,0.001419,0.017172,20.081365
3.599104,27.306691,51.301135,2045.429681,16.589909,26.359194,284.447589,-0.172180,-0.025470,-0.053245,-0.983303,0.005624,0.015874,20.083388
3.611636,27.514592,51.631474,2048.993658,16.589080,26.359593,284.327619,-0.047392,-0.031870,-0.049688,-0.997136,0.009130,0.013096,20.084633
3.624168,27.722478,51.961815,2052.556090,16.587373,26.359624,284.201195,0.078151,-0.037787,-0.045363,-0.995197,0.011329,0.009257,20.085067
3.636700,27.930338,52.292154,2056.116898,16.584857,26.359254,284.068316,0.202455,-0.043132,-0.040330,-0.977514,0.011910,0.004982,20.084694
3.649232,28.138161,52.622486,2059.676001,16.581578,26.358426,283.928990,0.323552,-0.047820,-0.034664,-0.944370,0.010857,0.000960,20.083588
3.661764,28.345938,52.952804,2063.233317,16.577589,26.357110,283.783227,0.439522,-0.051776,-0.028449,-0.896291,0.008436,-0.002181,20.081812
3.674296,28.553662,53.283103,2066.788766,16.573015,26.355287,283.631035,0.548528,-0.054936,-0.021774,-0.834044,0.005165,-0.004009,20.079332
3.686829,28.761325,53.613375,2070.342268,16.567957,26.352900,283.472421,0.648846,-0.057244,-0.014742,-0.758622,0.001646,-0.004343,20.076139
3.699361,28.968922,53.943614,2073.893741,16.562475,26.349890,283.307397,0.738892,-0.058660,-0.007461,-0.671227,-0.001524,-0.003246,20.072290
3.711893,29.176448,54.273811,2077.443107,16.556633,26.346217,283.135971,0.817246,-0.059155,-0.000043,-0.573247,-0.003825,-0.001016,20.067847
3.724425,29.383899,54.603957,2080.990284,16.550514,26.341846,282.958151,0.882677,-0.058715,0.007393,-0.466239,-0.004904,0.001862,20.062827
3.736957,29.591273,54.934044,2084.535192,16.544198,26.336742,282.773945,0.934162,-0.057342,0.014729,-0.351903,-0.004650,0.004812,20.057169
3.749489,29.798566,55.264063,2088.077752,16.537741,26.330872,282.583362,0.970898,-0.055054,0.021844,-0.232052,-0.003211,0.007290,20.050870
3.762021,30.005777,55.594003,2091.617884,16.531178,26.324211,282.386414,0.992318,-0.051885,0.028623,-0.108584,-0.000941,0.008886,20.043993
3.774553,30.212905,55.923854,2095.155508,16.524531,26.316745,282.183108,0.998102,-0.047883,0.034953,0.016550,0.001690,0.009387,20.036594
3.787085,30.419950,56.253607,2098.690544,16.517815,26.308465,281.973454,0.988175,-0.043113,0.040730,0.141375,0.004191,0.008803,20.028624
3.799617,30.626911,56.583250,2102.222913,16.511035,26.299367,281.757463,0.962713,-0.037652,0.045861,0.263925,0.006138,0.007344,20.020063
3.812149,30.833785,56.912775,2105.752535,16.504175,26.289457,281.535145,0.922137,-0.031589,0.050260,0.382273,0.007252,0.005369,20.010961
3.824681,31.040574,57.242171,2109.279332,16.497207,26.278749,281.306510,0.867103,-0.025025,0.053858,0.494566,0.007440,0.003303,20.001370
3.837214,31.247274,57.571427,2112.803224,16.490094,26.267260,281.071568,0.798498,-0.018066,0.056599,0.599048,0.006804,0.001558,19.991246
3.849746,31.453883,57.900535,2116.324132,16.482790,26.255015,280.830331,0.717420,-0.010827,0.058440,0.694092,0.005613,0.000446,19.980568
3.862278,31.660400,58.229484,2119.841978,16.475245,26.242039,280.582809,0.625160,-0.003426,0.059357,0.778221,0.004238,0.000120,19.969381
3.874810,31.866821,58.558267,2123.356682,16.467402,26.228361,280.329012,0.523178,0.004020,0.059340,0.850137,0.003067,0.000548,19.957733
3.887342,32.073141,58.886874,2126.868167,16.459200,26.214013,280.068952,0.413087,0.011392,0.058393,0.908737,0.002428,0.001533,19.945593
3.899874,32.279355,59.215297,2130.376353,16.450579,26.199028,279.802639,0.296623,0.018574,0.056537,0.953129,0.002520,0.002751,19.932942
3.912406,32.485460,59.543529,2133.881178,16.441674,26.183707,279.532864,0.175615,0.025456,0.053807,0.982649,0.003378,0.003829,19.919796
3.924938,32.691452,59.871570,2137.382616,16.432672,26.168417,279.263102,0.051954,0.031933,0.050250,0.996863,0.004869,0.004413,19.906206
3.937470,32.897331,60.199419,2140.880677,16.423620,26.153317,278.994699,-0.072429,0.037909,0.045925,0.995584,0.006713,0.004244,19.892224
3.950002,33.103095,60.527081,2144.375383,16.414430,26.138373,278.727065,-0.195600,0.043296,0.040904,0.978862,0.008542,0.003211,19.877889
3.962534,33.308744,60.854557,2147.866740,16.405022,26.123538,278.459503,-0.315653,0.048014,0.035264,0.946990,0.009970,0.001370,19.863228
3.975067,33.514273,61.181847,2151.354747,16.395375,26.108835,278.192088,-0.430733,0.051997,0.029095,0.900496,0.010672,-0.001057,19.848262
3.987599,33.719680,61.508954,2154.839402,16.385505,26.094314,277.925218,-0.539076,0.055189,0.022489,0.840131,0.010443,-0.003731,19.833019
4.000131,33.924961,61.835880,2158.320714,16.375414,26.079990,277.659020,-0.639022,0.057543,0.015547,0.766858,0.009237,-0.006258,19.817527
4.012663,34.130115,62.162628,2161.798695,16.365097,26.065848,277.393341,-0.729052,0.059027,0.008372,0.681836,0.007175,-0.008256,19.801809
4.025195,34.335138,62.489200,2165.273350,16.354556,26.051870,277.128049,-0.807803,0.059620,0.001071,0.586402,0.004520,-0.009423,19.785884
4.037727,34.540027,62.815597,2168.744683,16.343816,26.038049,276.863163,-0.874095,0.059315,-0.006247,0.482047,0.001634,-0.009592,19.769771
4.050259,34.744781,63.141823,2172.212699,16.332909,26.024379,276.598751,-0.926940,0.058116,-0.013473,0.370392,-0.001084,-0.008750,19.753485
4.062791,34.949398,63.467877,2175.677404,16.321872,26.010843,276.334832,-0.965564,0.056041,-0.020501,0.253164,-0.003267,-0.007044,19.737045
4.075323,35.153875,63.793763,2179.138805,16.310740,25.997421,276.071376,-0.989411,0.053119,-0.027225,0.132169,-0.004641,-0.004750,19.720464
4.087855,35.358213,64.119482,2182.596907,16.299553,25.984088,275.808358,-0.998155,0.049394,-0.033545,0.009261,-0.005062,-0.002224,19.703756
4.100387,35.562410,64.445033,2186.051715,16.288356,25.970823,275.545779,-0.991701,0.044919,-0.039364,-0.113682,-0.004541,0.000160,19.686934
4.112919,35.766467,64.770419,2189.503236,16.277192,25.957606,275.283651,-0.970188,0.039762,-0.044594,-0.234793,-0.003230,0.002070,19.670008
4.125452,35.970385,65.095639,2192.951474,16.266102,25.944415,275.021975,-0.933979,0.034000,-0.049155,-0.352238,-0.001389,0.003269,19.652989
4.137984,36.174164,65.420694,2196.396436,16.255125,25.931228,274.760742,-0.883662,0.027717,-0.052978,-0.464248,0.000658,0.003646,19.635886
4.150516,36.377806,65.745584,2199.838127,16.244294,25.918027,274.499947,-0.820034,0.021010,-0.056002,-0.569144,0.002585,0.003226,19.618710
4.163048,36.581314,66.070308,2203.276552,16.233639,25.904796,274.239588,-0.744090,0.013980,-0.058181,-0.665361,0.004115,0.002155,19.601467
4.175580,36.784690,66.394866,2206.711718,16.223183,25.891521,273.979666,-0.657008,0.006734,-0.059482,-0.751473,0.005060,0.000669,19.584166
4.188112,36.987936,66.719258,2210.143628,16.212941,25.878189,273.720136,-0.560126,-0.000616,-0.059883,-0.826212,0.005351,-0.000959,19.566814
4.200644,37.191055,67.043481,2213.572288,16.202916,25.864783,273.460923,-0.454925,-0.007960,-0.059380,-0.888486,0.005035,-0.002462,19.549421
4.213176,37.394050,67.367537,2216.997701,16.193109,25.851297,273.201980,-0.343003,-0.015183,-0.057981,-0.937395,0.004254,-0.003631,19.531992
4.225708,37.596923,67.691422,2220.419871,16.183515,25.837731,272.943309,-0.226051,-0.022177,-0.055708,-0.972243,0.003217,-0.004346,19.514532
4.238240,37.799677,68.015138,2223.838801,16.174124,25.824089,272.684926,-0.105830,-0.028834,-0.052598,-0.992548,0.002145,-0.004589,19.497044
4.250772,38.002314,68.338682,2227.254494,16.164921,25.810380,272.426833,0.015861,-0.035056,-0.048702,-0.998046,0.001237,-0.004439,19.479532
4.263305,38.204838,68.662053,2230.666955,16.155884,25.796613,272.169023,0.137206,-0.040749,-0.044079,-0.988695,0.000624,-0.004041,19.461999
4.275837,38.407249,68.985252,2234.076187,16.146988,25.782799,271.911491,0.256406,-0.045830,-0.038804,-0.964674,0.000358,-0.003579,19.444449
4.288369,38.609549,69.308278,2237.482193,16.138204,25.768952,271.654239,0.371698,-0.050224,-0.032956,-0.926379,0.000398,-0.003232,19.426885
4.300901,38.811740,69.631130,2240.884977,16.129502,25.755087,271.397270,0.481388,-0.053870,-0.026627,-0.874413,0.000633,-0.003135,19.409309
4.313433,39.013822,69.953808,2244.284543,16.120853,25.741220,271.140583,0.583871,-0.056717,-0.019911,-0.809583,0.000899,-0.003356,19.391723
4.325965,39.215796,70.276312,2247.680893,16.112224,25.727367,270.884179,0.677655,-0.058726,-0.012911,-0.732878,0.001021,-0.003881,19.374129
4.338497,39.417662,70.598643,2251.074032,16.103587,25.713542,270.628056,0.761384,-0.059872,-0.005730,-0.645459,0.000848,-0.004614,19.356531
4.351029,39.619419,70.920801,2254.463963,16.094913,25.699761,270.372214,0.833856,-0.060143,0.001527,-0.548640,0.000284,-0.005400,19.338929
4.363561,39.821067,71.242787,2257.850689,16.086177,25.686036,270.116653,0.894037,-0.059539,0.008753,-0.443865,-0.000690,-0.006052,19.321326
4.376093,40.022605,71.564600,2261.234215,16.077358,25.672379,269.861374,0.941080,-0.058071,0.015845,-0.332690,-0.002007,-0.006385,19.303722
4.388625,40.224032,71.886244,2264.614543,16.068439,25.658799,269.606375,0.974335,-0.055766,0.022701,-0.216756,-0.003528,-0.006257,19.286120
4.401157,40.425347,72.207717,2267.991677,16.059406,25.645304,269.351656,0.993353,-0.052658,0.029225,-0.097768,-0.005060,-0.005591,19.268521
4.413690,40.626548,72.529023,2271.365620,16.050253,25.631899,269.097216,0.997897,-0.048795,0.035324,0.022535,-0.006390,-0.004392,19.250926
4.426222,40.827633,72.850160,2274.736377,16.040974,25.618586,268.843055,0.987940,-0.044235,0.040913,0.142401,-0.007318,-0.002753,19.233336
4.438754,41.028601,73.171132,2278.103950,16.031573,25.605367,268.589173,0.963666,-0.039043,0.045914,0.260093,-0.007694,-0.000838,19.215752
4.451286,41.229450,73.491938,2281.468344,16.022054,25.592238,268.335567,0.925466,-0.033295,0.050258,0.373913,-0.007439,0.001138,19.198175
4.463818,41.430180,73.812580,2284.829561,16.012429,25.579197,268.082237,0.873929,-0.027071,0.053884,0.482226,-0.006561,0.002946,19.180607
4.476350,41.630788,74.133060,2288.187605,16.002712,25.566236,267.829182,0.809837,-0.020462,0.056743,0.583486,-0.005155,0.004375,19.163047
4.488882,41.831274,74.453377,2291.542479,15.992919,25.553349,267.576402,0.734145,-0.013561,0.058794,0.676254,-0.003386,0.005265,19.145497
4.501414,42.031637,74.773534,2294.894187,15.983071,25.540525,267.323894,0.647974,-0.006465,0.060008,0.759219,-0.001463,0.005528,19.127957
4.513946,42.231877,75.093530,2298.242733,15.973186,25.527755,267.071659,0.552589,0.000726,0.060370,0.831220,0.000386,0.005159,19.110429
4.526478,42.431992,75.413366,2301.588119,15.963288,25.515027,266.819694,0.449381,0.007909,0.059875,0.891255,0.001956,0.004233,19.092911
4.539010,42.631983,75.733043,2304.930349,15.953399,25.502330,266.568000,0.339845,0.014982,0.058528,0.938499,0.003085,0.002895,19.075406
4.551543,42.831851,76.052561,2308.269426,15.943539,25.489654,266.316574,0.225563,0.021846,0.056350,0.972313,0.003676,0.001328,19.057914
4.564075,43.031595,76.371920,2311.605355,15.933730,25.476987,266.065416,0.108175,0.028403,0.053371,0.992253,0.003709,-0.000265,19.040435
4.576607,43.231217,76.691120,2314.938137,15.923991,25.464320,265.814526,-0.010643,0.034559,0.049634,0.998074,0.003234,-0.001700,19.022969
4.589139,43.430717,77.010162,2318.267777,15.914337,25.451645,265.563902,-0.129201,0.040228,0.045193,0.989731,0.002361,-0.002829,19.005517
4.601671,43.630097,77.329045,2321.594278,15.904782,25.438953,265.313544,-0.245821,0.045329,0.040110,0.967383,0.001240,-0.003560,18.988079
4.614203,43.829358,77.647768,2324.917643,15.895338,25.426238,265.063450,-0.358859,0.049789,0.034458,0.931382,0.000029,-0.003867,18.970655
4.626735,44.028501,77.966332,2328.237875,15.886013,25.413496,264.813620,-0.466731,0.053546,0.028319,0.882276,-0.001122,-0.003781,18.953247
4.639267,44.227528,78.284736,2331.554979,15.876810,25.400724,264.564054,-0.567932,0.056548,0.021780,0.820792,-0.002098,-0.003381,18.935853
4.651799,44.426441,78.602980,2334.868956,15.867732,25.387921,264.314751,-0.661057,0.058753,0.014934,0.747827,-0.002830,-0.002776,18.918475
4.664331,44.625240,78.921063,2338.179811,15.858775,25.375086,264.065710,-0.744823,0.060130,0.007880,0.664437,-0.003299,-0.002081,18.901112
4.676863,44.823928,79.238986,2341.487546,15.849934,25.362222,263.816931,-0.818081,0.060664,0.000716,0.571819,-0.003532,-0.001398,18.883765
4.689395,45.022506,79.556746,2344.792165,15.841202,25.349331,263.568414,-0.879837,0.060347,-0.006454,0.471293,-0.003591,-0.000799,18.866434
4.701928,45.220975,79.874346,2348.093671,15.832568,25.336418,263.320158,-0.929260,0.059186,-0.013531,0.364283,-0.003554,-0.000318,18.849119
4.714460,45.419337,80.191783,2351.392068,15.824019,25.323489,263.072164,-0.965696,0.057201,-0.020415,0.252297,-0.003497,0.000053,18.831820
4.726992,45.617592,80.509058,2354.687359,15.815541,25.310550,262.824430,-0.988674,0.054422,-0.027011,0.136907,-0.003480,0.000354,18.814537
4.739524,45.815741,80.826171,2357.979546,15.807118,25.297608,262.576956,-0.997911,0.050891,-0.033228,0.019722,-0.003528,0.000646,18.797271
4.752056,46.013784,81.143122,2361.268634,15.798736,25.284670,262.329743,-0.993318,0.046658,-0.038981,-0.097628,-0.003632,0.000997,18.780022
4.764588,46.211723,81.459910,2364.554626,15.790378,25.271746,262.082790,-0.974996,0.041785,-0.044192,-0.213521,-0.003751,0.001459,18.762789
4.777120,46.409557,81.776537,2367.837524,15.782029,25.258842,261.836097,-0.943236,0.036341,-0.048792,-0.326362,-0.003815,0.002060,18.745573
4.789652,46.607286,82.093002,2371.117332,15.773675,25.245965,261.589662,-0.898511,0.030402,-0.052719,-0.434603,-0.003746,0.002794,18.728373
4.802184,46.804911,82.409306,2374.394054,15.765302,25.233122,261.343487,-0.841473,0.024053,-0.055923,-0.536770,-0.003470,0.003614,18.711191
4.814716,47.002431,82.725450,2377.667692,15.756898,25.220320,261.097571,-0.772938,0.017380,-0.058362,-0.631477,-0.002933,0.004444,18.694026
4.827248,47.199844,83.041433,2380.938249,15.748454,25.207564,260.851912,-0.693877,0.010475,-0.060006,-0.717445,-0.002118,0.005184,18.676878
4.839781,47.397152,83.357257,2384.205730,15.739961,25.194857,260.606512,-0.605400,0.003431,-0.060835,-0.793525,-0.001045,0.005727,18.659747
4.852313,47.594353,83.672922,2387.470137,15.731414,25.182204,260.361368,-0.508740,-0.003655,-0.060841,-0.858703,0.000223,0.005977,18.642633
4.864845,47.791447,83.988428,2390.731474,15.722810,25.169606,260.116482,-0.405237,-0.010688,-0.060024,-0.912122,0.001585,0.005863,18.625536
4.877377,47.988432,84.303777,2393.989743,15.714146,25.157064,259.871851,-0.296318,-0.017575,-0.058400,-0.953088,0.002919,0.005354,18.608456
4.889909,48.185309,84.618969,2397.244948,15.705426,25.144578,259.627475,-0.183477,-0.024224,-0.055990,-0.981078,0.004094,0.004463,18.591394
4.902441,48.382076,84.934005,2400.497092,15.696651,25.132148,259.383354,-0.068252,-0.030546,-0.052829,-0.995749,0.004988,0.003248,18.574349
4.914973,48.578732,85.248886,2403.746178,15.687828,25.119770,259.139488,0.047790,-0.036458,-0.048960,-0.996939,0.005506,0.001811,18.557321
4.927505,48.775278,85.563612,2406.992210,15.678963,25.107442,258.895874,0.163080,-0.041882,-0.044437,-0.984669,0.005589,0.000279,18.540310
4.940037,48.971712,85.878184,2410.235191,15.670064,25.095161,258.652513,0.276067,-0.046745,-0.039319,-0.959141,0.005226,-0.001208,18.523317
4.952569,49.168035,86.192602,2413.475123,15.661143,25.082921,258.409403,0.385237,-0.050985,-0.033677,-0.920736,0.004455,-0.002512,18.506341
4.965101,49.364246,86.506866,2416.712010,15.652208,25.070718,258.166544,0.489135,-0.054546,-0.027584,-0.870003,0.003355,-0.003519,18.489382
4.977633,49.560345,86.820979,2419.945855,15.643273,25.058547,257.923935,0.586382,-0.057381,-0.021124,-0.807658,0.002037,-0.004147,18.472441
4.990166,49.756332,87.134938,2423.176661,15.634346,25.046401,257.681576,0.675696,-0.059452,-0.014381,-0.734565,0.000631,-0.004357,18.455517
5.002698,49.952207,87.448746,2426.404432,15.625441,25.034276,257.439465,0.755906,-0.060734,-0.007446,-0.651732,-0.000732,-0.004153,18.438610
5.015230,50.147970,87.762402,2429.629169,15.616566,25.022167,257.197601,0.825968,-0.061210,-0.000412,-0.560287,-0.001934,-0.003583,18.421721
5.027762,50.343623,88.075906,2432.850878,15.607732,25.010068,256.955985,0.884977,-0.060874,0.006630,-0.461473,-0.002882,-0.002725,18.404848
5.041852,50.563476,88.428217,2436.469634,15.597859,24.996471,256.684615,0.937193,-0.059534,0.014439,-0.343229,-0.003572,-0.001540,18.385898
5.055943,50.783190,88.780337,2440.084568,15.588060,24.982876,256.413555,0.973660,-0.057199,0.022007,-0.219358,-0.003840,-0.000270,18.366970
5.070034,51.002767,89.132266,2443.695685,15.578343,24.969277,256.142806,0.993817,-0.053909,0.029209,-0.091948,-0.003714,0.000946,18.348064
5.084124,51.222208,89.484002,2447.302989,15.568713,24.955673,255.872365,0.997378,-0.049720,0.035924,0.036864,-0.003262,0.001997,18.329179
5.098215,51.441513,89.835547,2450.906484,15.559174,24.942059,255.602232,0.984335,-0.044704,0.042041,0.164930,-0.002581,0.002814,18.310317
5.112306,51.660685,90.186900,2454.506176,15.549727,24.928437,255.332406,0.954956,-0.038946,0.047459,0.290125,-0.001772,0.003373,18.291476
5.126396,51.879724,90.538061,2458.102067,15.540372,24.914804,255.062887,0.909777,-0.032544,0.052089,0.410382,-0.000922,0.003685,18.272656
5.140487,52.098632,90.889030,2461.694163,15.531103,24.901163,254.793674,0.849596,-0.025605,0.055857,0.523727,-0.000097,0.003788,18.253858
5.154577,52.317410,91.239807,2465.282468,15.521914,24.887517,254.524766,0.775451,-0.018246,0.058702,0.628311,0.000667,0.003731,18.235082
5.168668,52.536059,91.590391,2468.866986,15.512799,24.873867,254.256164,0.688608,-0.010589,0.060580,0.722435,0.001362,0.003559,18.216328
5.182759,52.754580,91.940783,2472.447721,15.503747,24.860218,253.987865,0.590533,-0.002762,0.061462,0.804587,0.001997,0.003301,18.197594
5.196849,52.972974,92.290982,2476.024678,15.494748,24.846575,253.719871,0.482870,0.005107,0.061337,0.873453,0.002590,0.002969,18.178883
5.210940,53.191241,92.640990,2479.597861,15.485791,24.832942,253.452179,0.367412,0.012888,0.060211,0.927949,0.003153,0.002552,18.160193
5.225030,53.409383,92.990805,2483.167274,15.476866,24.819325,253.184791,0.246069,0.020456,0.058104,0.967226,0.003682,0.002029,18.141524
5.239121,53.627399,93.340429,2486.732922,15.467959,24.805729,252.917705,0.120838,0.027686,0.055054,0.990691,0.004154,0.001374,18.122877
5.253212,53.845289,93.689861,2490.294808,15.459060,24.792159,252.650921,-0.006231,0.034465,0.051114,0.998012,0.004523,0.000573,18.104251
5.267302,54.063054,94.039103,2493.852937,15.450159,24.778620,252.384438,-0.133068,0.040682,0.046350,0.989118,0.004728,-0.000366,18.085646
5.281393,54.280693,94.388154,2497.407313,15.441248,24.765116,252.118255,-0.257619,0.046241,0.040841,0.964205,0.004709,-0.001408,18.067063
5.295484,54.498207,94.737014,2500.957941,15.432319,24.751652,251.852373,-0.377876,0.051055,0.034679,0.923723,0.004413,-0.002489,18.048501
5.309574,54.715595,95.085686,2504.504825,15.423367,24.738230,251.586790,-0.491910,0.055047,0.027963,0.868374,0.003812,-0.003520,18.029960
5.323665,54.932856,95.434168,2508.047968,15.414387,24.724853,251.321505,-0.597905,0.058157,0.020802,0.799096,0.002913,-0.004401,18.011440
5.337755,55.149991,95.782463,2511.587375,15.405377,24.711521,251.056518,-0.694181,0.060338,0.013312,0.717045,0.001758,-0.005030,17.992941
5.351846,55.366999,96.130570,2515.123051,15.396336,24.698237,250.791829,-0.779223,0.061557,0.005612,0.623576,0.000427,-0.005324,17.974463
5.365937,55.583879,96.478490,2518.654999,15.387266,24.684998,250.527436,-0.851705,0.061798,-0.002175,0.520222,-0.000969,-0.005228,17.956006
5.380027,55.800631,96.826224,2522.183224,15.378169,24.671805,250.263338,-0.910507,0.061059,-0.009927,0.408663,-0.002305,-0.004728,17.937571
5.394118,56.017254,97.173772,2525.707730,15.369050,24.658656,249.999535,-0.954733,0.059353,-0.017520,0.290703,-0.003454,-0.003854,17.919156
5.408208,56.233749,97.521135,2529.228520,15.359914,24.645548,249.736026,-0.983725,0.056709,-0.024836,0.168240,-0.004303,-0.002677,17.900762
5.422299,56.450116,97.868314,2532.745600,15.350767,24.632479,249.472809,-0.997069,0.053171,-0.031760,0.043232,-0.004771,-0.001306,17.882388
5.436390,56.666353,98.215309,2536.258972,15.341617,24.619445,249.209885,-0.994601,0.048796,-0.038183,-0.082333,-0.004817,0.000134,17.864036
5.450480,56.882461,98.562120,2539.768642,15.332472,24.606443,248.947252,-0.976410,0.043653,-0.044007,-0.206468,-0.004444,0.001507,17.845704
5.464571,57.098441,98.908749,2543.274614,15.323339,24.593469,248.684909,-0.942831,0.037824,-0.049139,-0.327217,-0.003697,0.002691,17.827393
5.478662,57.314292,99.255195,2546.776891,15.314226,24.580520,248.422855,-0.894440,0.031403,-0.053502,-0.442690,-0.002660,0.003587,17.809103
5.492752,57.530015,99.601458,2550.275477,15.305142,24.567591,248.161090,-0.832042,0.024490,-0.057028,-0.551088,-0.001437,0.004131,17.790833
5.506843,57.745610,99.947540,2553.770377,15.296093,24.554680,247.899613,-0.756661,0.017193,-0.059663,-0.650732,-0.000148,0.004296,17.772584
5.520933,57.961078,100.293439,2557.261594,15.287086,24.541783,247.638422,-0.669514,0.009628,-0.061367,-0.740090,0.001096,0.004097,17.754355
5.535024,58.176419,100.639157,2560.749134,15.278126,24.528897,247.377518,-0.572001,0.001913,-0.062116,-0.817797,0.002196,0.003578,17.736147
5.549115,58.391634,100.984694,2564.232999,15.269218,24.516019,247.116899,-0.465673,-0.005832,-0.061899,-0.882679,0.003080,0.002808,17.717959
5.563205,58.606725,101.330049,2567.713194,15.260365,24.503149,246.856564,-0.352210,-0.013485,-0.060721,-0.933765,0.003704,0.001869,17.699791
5.577296,58.821691,101.675223,2571.189722,15.251568,24.490283,246.596514,-0.233397,-0.020930,-0.058602,-0.970304,0.004050,0.000844,17.681644
5.591386,59.036533,102.020215,2574.662588,15.242829,24.477423,246.336747,-0.111090,-0.028050,-0.055578,-0.991775,0.004129,-0.000192,17.663517
5.605477,59.251252,102.365027,2578.131796,15.234146,24.464568,246.077262,0.012810,-0.034737,-0.051697,-0.997893,0.003965,-0.001177,17.645410
5.619568,59.465850,102.709657,2581.597350,15.225519,24.451717,245.818060,0.136384,-0.040887,-0.047020,-0.988610,0.003595,-0.002066,17.627323
5.633658,59.680327,103.054106,2585.059253,15.216944,24.438872,245.559139,0.257733,-0.046408,-0.041622,-0.964116,0.003059,-0.002828,17.609257
5.647749,59.894683,103.398375,2588.517510,15.208418,24.426035,245.300498,0.374997,-0.051216,-0.035587,-0.924834,0.002393,-0.003446,17.591211
5.661840,60.108919,103.742462,2591.972124,15.199936,24.413207,245.042138,0.486391,-0.055239,-0.029009,-0.871412,0.001629,-0.003910,17.573184
5.675930,60.323036,104.086369,2595.423100,15.191494,24.400390,244.784058,0.590229,-0.058418,-0.021991,-0.804712,0.000795,-0.004214,17.555178
5.690021,60.537034,104.430095,2598.870442,15.183086,24.387587,244.526256,0.684948,-0.060707,-0.014640,-0.725791,-0.000087,-0.004353,17.537191
5.704111,60.750914,104.773641,2602.314153,15.174707,24.374800,244.268734,0.769133,-0.062072,-0.007069,-0.635891,-0.000996,-0.004319,17.519225
5.718202,60.964676,105.117007,2605.754237,15.166364,24.362049,244.011486,0.841534,-0.062497,0.000607,-0.536413,-0.001896,-0.004099,17.501277
5.732293,61.178321,105.460194,2609.190698,15.158071,24.349361,243.754508,0.901090,-0.061977,0.008270,-0.428895,-0.002722,-0.003682,17.483346
5.746383,61.391849,105.803202,2612.623540,15.149834,24.336749,243.497798,0.946937,-0.060522,0.015807,-0.314992,-0.003410,-0.003089,17.465430
5.760474,61.605262,106.146034,2616.052767,15.141646,24.324205,243.241356,0.978425,-0.058156,0.023102,-0.196444,-0.003929,-0.002370,17.447529
5.774564,61.818560,106.488689,2619.478382,15.133485,24.311727,242.985183,0.995122,-0.054918,0.030047,-0.075054,-0.004262,-0.001575,17.429645
5.788655,62.031742,106.831169,2622.900390,15.125343,24.299315,242.729280,0.996823,-0.050858,0.036538,0.047341,-0.004413,-0.000754,17.411778
5.802746,62.244811,107.173474,2626.318793,15.117222,24.286966,242.473645,0.983548,-0.046039,0.042479,0.168900,-0.004395,0.000055,17.393927
5.816836,62.457764,107.515605,2629.733597,15.109118,24.274671,242.218280,0.955542,-0.040534,0.047784,0.287802,-0.004225,0.000821,17.376093
5.830927,62.670604,107.857564,2633.144804,15.101021,24.262423,241.963185,0.913269,-0.034429,0.052374,0.402277,-0.003919,0.001523,17.358276
5.845018,62.883330,108.199351,2636.552418,15.092919,24.250213,241.708360,0.857404,-0.027815,0.056182,0.510629,-0.003494,0.002142,17.340476
5.859108,63.095941,108.540965,2639.956444,15.084809,24.238038,241.453808,0.788822,-0.020793,0.059155,0.611262,-0.002969,0.002665,17.322693
5.873199,63.308438,108.882408,2643.356885,15.076689,24.225890,241.199528,0.708581,-0.013468,0.061250,0.702703,-0.002359,0.003078,17.304927
5.887289,63.520821,109.223681,2646.753745,15.068554,24.213762,240.945524,0.617908,-0.005949,0.062439,0.783624,-0.001682,0.003365,17.287179
5.901380,63.733088,109.564782,2650.147028,15.060403,24.201645,240.691795,0.518177,0.001652,0.062707,0.852858,-0.000958,0.003513,17.269448
5.915471,63.945241,109.905713,2653.536738,15.052234,24.189534,240.438342,0.410891,0.009223,0.062053,0.909418,-0.000213,0.003508,17.251735
5.929561,64.157279,110.246473,2656.922878,15.044048,24.177424,240.185164,0.297655,0.016653,0.060489,0.952508,0.000523,0.003344,17.234040
5.943652,64.369201,110.587062,2660.305452,15.035846,24.165312,239.932260,0.180155,0.023834,0.058040,0.981536,0.001212,0.003016,17.216362
5.957742,64.581007,110.927481,2663.684465,15.027631,24.153192,239.679630,0.060128,0.030661,0.054746,0.996119,0.001815,0.002531,17.198703
5.971833,64.792698,111.267729,2667.059921,15.019406,24.141062,239.427275,-0.060657,0.037035,0.050656,0.996086,0.002291,0.001907,17.181061
5.985924,65.004273,111.607806,2670.431822,15.011175,24.128921,239.175192,-0.180431,0.042866,0.045833,0.981483,0.002602,0.001175,17.163437
6.000014,65.215732,111.947712,2673.800173,15.002943,24.116768,238.923382,-0.297449,0.048071,0.040348,0.952569,0.002718,0.000377,17.145831
6.014105,65.427074,112.287446,2677.164978,14.994715,24.104603,238.671842,-0.410014,0.052575,0.034283,0.909808,0.002621,-0.000433,17.128243
6.028196,65.638301,112.627009,2680.526241,14.986496,24.092430,238.420572,-0.516504,0.056316,0.027726,0.853864,0.002309,-0.001197,17.110674
6.042286,65.849412,112.966400,2683.883965,14.978292,24.080248,238.169571,-0.615391,0.059242,0.020774,0.785590,0.001796,-0.001856,17.093122
6.056377,66.060408,113.305620,2687.238154,14.970109,24.068064,237.918842,-0.705268,0.061313,0.013528,0.706012,0.001115,-0.002356,17.075589
6.070467,66.271288,113.644668,2690.588812,14.961954,24.055882,237.668405,-0.784862,0.062502,0.006092,0.616315,0.000313,-0.002653,17.058073
6.084558,66.482054,113.983544,2693.935944,14.953833,24.043709,237.418279,-0.853059,0.062794,-0.001427,0.517823,-0.000548,-0.002718,17.040576
6.098649,66.692706,114.322249,2697.279553,14.945751,24.031551,237.168467,-0.908911,0.062187,-0.008921,0.411981,-0.001404,-0.002543,17.023098
6.112739,66.903244,114.660783,2700.619644,14.937712,24.019412,236.918962,-0.951654,0.060692,-0.016284,0.300332,-0.002186,-0.002135,17.005639
6.126830,67.113669,114.999146,2703.956222,14.929718,24.007296,236.669760,-0.980716,0.058333,-0.023411,0.184493,-0.002835,-0.001525,16.988198
6.140920,67.323982,115.337339,2707.289291,14.921771,23.995210,236.420860,-0.995723,0.055145,-0.030201,0.066134,-0.003300,-0.000757,16.970777
6.155011,67.534183,115.675361,2710.618855,14.913874,23.983157,236.172263,-0.996505,0.051176,-0.036559,-0.053047,-0.003546,0.000113,16.953375
6.169102,67.744274,116.013214,2713.944918,14.906028,23.971142,235.923968,-0.983092,0.046483,-0.042396,-0.171351,-0.003556,0.001021,16.935992
6.183192,67.954254,116.350897,2717.267484,14.898232,23.959169,235.675972,-0.955721,0.041134,-0.047632,-0.287099,-0.003331,0.001904,16.918629
6.197283,68.164125,116.688413,2720.586558,14.890485,23.947242,235.428274,-0.914821,0.035207,-0.052192,-0.398655,-0.002891,0.002701,16.901285
6.211374,68.373886,117.025760,2723.902144,14.882786,23.935363,235.180872,-0.861014,0.028787,-0.056016,-0.504455,-0.002267,0.003362,16.883962
6.225464,68.583540,117.362941,2727.214246,14.875133,23.923534,234.933767,-0.795100,0.021964,-0.059050,-0.603020,-0.001505,0.003848,16.866657
6.239555,68.793086,117.699955,2730.522868,14.867523,23.911756,234.686956,-0.718044,0.014835,-0.061254,-0.692984,-0.000656,0.004137,16.849373
6.253645,69.002525,118.036804,2733.828015,14.859952,23.900031,234.440440,-0.630965,0.007502,-0.062600,-0.773106,0.000230,0.004218,16.832109
6.267736,69.211858,118.373488,2737.129690,14.852418,23.888357,234.194217,-0.535117,0.000067,-0.063070,-0.842292,0.001100,0.004094,16.814864
6.281827,69.421085,118.710007,2740.427897,14.844916,23.876735,233.948285,-0.431869,-0.007366,-0.062660,-0.899606,0.001909,0.003782,16.797640
6.295917,69.630206,119.046364,2743.722642,14.837442,23.865162,233.702644,-0.322689,-0.014694,-0.061378,-0.944283,0.002619,0.003306,16.780435
6.310008,69.839222,119.382557,2747.013927,14.829992,23.853637,233.457293,-0.209117,-0.021813,-0.059244,-0.975738,0.003201,0.002696,16.763250
6.324098,70.048134,119.718589,2750.301757,14.822563,23.842156,233.212231,-0.092750,-0.028628,-0.056290,-0.993574,0.003632,0.001987,16.746086
6.338189,70.256940,120.054459,2753.586136,14.815149,23.830717,232.967460,0.024788,-0.035042,-0.052559,-0.997584,0.003901,0.001213,16.728941
6.352280,70.465643,120.390168,2756.867068,14.807749,23.819317,232.722978,0.141861,-0.040970,-0.048104,-0.987755,0.004001,0.000410,16.711817
6.366370,70.674241,120.725717,2760.144557,14.800358,23.807952,232.478785,0.256852,-0.046331,-0.042989,-0.964266,0.003933,-0.000387,16.694712
6.380461,70.882735,121.061105,2763.418608,14.792975,23.796618,232.234880,0.368177,-0.051051,-0.037285,-0.927483,0.003705,-0.001146,16.677628
6.394552,71.091125,121.396335,2766.689224,14.785596,23.785311,231.991265,0.474314,-0.055069,-0.031074,-0.877954,0.003327,-0.001837,16.660564
6.408642,71.299412,121.731405,2769.956409,14.778220,23.774029,231.747937,0.573819,-0.058330,-0.024441,-0.816399,0.002815,-0.002432,16.643519
6.422733,71.507594,122.066316,2773.220167,14.770846,23.762766,231.504897,0.665345,-0.060793,-0.017478,-0.743699,0.002190,-0.002905,16.626495
6.436823,71.715672,122.401069,2776.480503,14.763474,23.751522,231.262144,0.747663,-0.062426,-0.010281,-0.660886,0.001479,-0.003234,16.609490
6.450914,71.923647,122.735663,2779.737420,14.756103,23.740291,231.019677,0.819675,-0.063209,-0.002949,-0.569122,0.000711,-0.003401,16.592506
6.465005,72.131517,123.070100,2782.990923,14.748733,23.729072,230.777497,0.880431,-0.063134,0.004419,-0.469688,-0.000077,-0.003396,16.575541
6.480647,72.362158,123.441180,2786.598717,14.740556,23.716629,230.508979,0.933736,-0.062049,0.012518,-0.351993,-0.000931,-0.003182,16.556732
6.496289,72.592670,123.812066,2790.202313,14.732383,23.704196,230.240811,0.971354,-0.059933,0.020403,-0.228541,-0.001708,-0.002756,16.537947
6.511932,72.823055,124.182757,2793.801718,14.724219,23.691772,229.972989,0.992709,-0.056823,0.027944,-0.101413,-0.002354,-0.002138,16.519187
6.527574,73.053312,124.553254,2797.396935,14.716065,23.679355,229.705513,0.997502,-0.052773,0.035017,0.027262,-0.002820,-0.001367,16.500450
6.543216,73.283442,124.923557,2800.987972,14.707926,23.666946,229.438383,0.985708,-0.047853,0.041506,0.155337,-0.003065,-0.000491,16.481739
6.558858,73.513444,125.293666,2804.574832,14.699804,23.654547,229.171595,0.957580,-0.042148,0.047306,0.280692,-0.003066,0.000428,16.463051
6.574501,73.743320,125.663581,2808.157522,14.691705,23.642157,228.905149,0.913638,-0.035753,0.052323,0.401260,-0.002814,0.001320,16.444388
6.590143,73.973069,126.033302,2811.736047,14.683630,23.629781,228.639043,0.854662,-0.028775,0.056479,0.515067,-0.002323,0.002117,16.425749
6.605785,74.202692,126.402830,2815.310412,14.675584,23.617419,228.373276,0.781674,-0.021329,0.059707,0.620261,-0.001624,0.002754,16.407134
6.621428,74.432189,126.772164,2818.880623,14.667571,23.605076,228.107846,0.695921,-0.013540,0.061957,0.715141,-0.000769,0.003177,16.388543
6.637070,74.661562,127.141306,2822.446684,14.659592,23.592755,227.842750,0.598854,-0.005534,0.063195,0.798188,0.000177,0.003350,16.369976
6.652712,74.890809,127.510255,2826.008601,14.651651,23.580458,227.577988,0.492099,0.002558,0.063404,0.868081,0.001143,0.003255,16.351433
6.668355,75.119933,127.879012,2829.566379,14.643750,23.568190,227.313558,0.377431,0.010604,0.062584,0.923725,0.002052,0.002898,16.332914
6.683997,75.348934,128.247577,2833.120023,14.635889,23.555953,227.049458,0.256745,0.018475,0.060750,0.964261,0.002834,0.002304,16.314418
6.699639,75.577812,128.615952,2836.669539,14.628070,23.543751,226.785684,0.132024,0.026043,0.057935,0.989082,0.003430,0.001517,16.295947
6.715282,75.806568,128.984135,2840.214931,14.620294,23.531587,226.522236,0.005303,0.033187,0.054186,0.997838,0.003796,0.000597,16.277499
6.730924,76.035203,129.352129,2843.756205,14.612559,23.519462,226.259113,-0.121360,0.039794,0.049567,0.990443,0.003907,-0.000389,16.259074
6.746566,76.263717,129.719933,2847.293366,14.604865,23.507380,225.996312,-0.245922,0.045759,0.044154,0.967070,0.003756,-0.001369,16.240673
6.762209,76.492111,130.087549,2850.826418,14.597211,23.495342,225.733834,-0.366382,0.050988,0.038036,0.928149,0.003358,-0.002276,16.222296
6.777851,76.720385,130.454976,2854.355367,14.589595,23.483348,225.471677,-0.480820,0.055399,0.031312,0.874359,0.002745,-0.003049,16.203942
6.793493,76.948541,130.822217,2857.880218,14.582015,23.471400,225.209839,-0.587420,0.058925,0.024092,0.806614,0.001960,-0.003641,16.185611
6.809136,77.176578,131.189271,2861.400976,14.574468,23.459497,224.948320,-0.684504,0.061511,0.016492,0.726042,0.001059,-0.004016,16.167304
6.824778,77.404498,131.556139,2864.917645,14.566951,23.447639,224.687120,-0.770554,0.063120,0.008633,0.633975,0.000099,-0.004158,16.149019
6.840420,77.632300,131.922822,2868.430231,14.559463,23.435825,224.426237,-0.844238,0.063727,0.000640,0.531918,-0.000859,-0.004063,16.130758
6.856062,77.859985,132.289320,2871.938739,14.552001,23.424054,224.165671,-0.904427,0.063327,-0.007358,0.421524,-0.001759,-0.003743,16.112520
6.871705,78.087554,132.655635,2875.443173,14.544560,23.412324,223.905422,-0.950211,0.061928,-0.015237,0.304574,-0.002550,-0.003222,16.094304
6.887347,78.315007,133.021766,2878.943539,14.537140,23.400632,223.645487,-0.980916,0.059555,-0.022872,0.182939,-0.003191,-0.002534,16.076112
6.902989,78.542343,133.387715,2882.439841,14.529737,23.388977,223.385866,-0.996107,0.056248,-0.030144,0.058555,-0.003648,-0.001721,16.057942
6.918632,78.769564,133.753482,2885.932085,14.522350,23.377356,223.126558,-0.995599,0.052062,-0.036941,-0.066612,-0.003900,-0.000829,16.039795
6.934274,78.996670,134.119067,2889.420275,14.514976,23.365765,222.867562,-0.979452,0.047064,-0.043156,-0.190590,-0.003936,0.000092,16.021671
6.949916,79.223660,134.484471,2892.904416,14.507614,23.354204,222.608877,-0.947972,0.041335,-0.048695,-0.311442,-0.003755,0.000992,16.003569
6.965559,79.450535,134.849695,2896.384513,14.500263,23.342669,222.350504,-0.901703,0.034967,-0.053474,-0.427287,-0.003369,0.001822,15.985490
6.981201,79.677296,135.214738,2899.860571,14.492923,23.331157,222.092441,-0.841418,0.028059,-0.057420,-0.536335,-0.002799,0.002535,15.967433
6.996843,79.903941,135.579602,2903.332595,14.485592,23.319667,221.834687,-0.768102,0.020720,-0.060475,-0.636911,-0.002077,0.003093,15.949398
7.012486,80.130472,135.944286,2906.800589,14.478271,23.308197,221.577242,-0.682939,0.013066,-0.062593,-0.727480,-0.001241,0.003461,15.931386
7.028128,80.356888,136.308790,2910.264559,14.470961,23.296745,221.320104,-0.587288,0.005215,-0.063746,-0.806674,-0.000339,0.003617,15.913396
7.043770,80.583191,136.673116,2913.724508,14.463662,23.285309,221.063274,-0.482663,-0.002713,-0.063918,-0.873306,0.000576,0.003548,15.895428
7.059413,80.809379,137.037263,2917.180443,14.456375,23.273890,220.806750,-0.370711,-0.010593,-0.063109,-0.926389,0.001449,0.003256,15.877483
7.075055,81.035453,137.401231,2920.632368,14.449102,23.262485,220.550531,-0.253178,-0.018308,-0.061334,-0.965153,0.002227,0.002754,15.859559
7.090697,81.261414,137.765021,2924.080287,14.441844,23.251096,220.294616,-0.131889,-0.025738,-0.058624,-0.989051,0.002857,0.002071,15.841657
7.106340,81.487261,138.128633,2927.524205,14.434602,23.239722,220.039003,-0.008716,-0.032772,-0.055022,-0.997766,0.003299,0.001246,15.823777
7.121982,81.712995,138.492067,2930.964127,14.427379,23.228363,219.783692,0.114451,-0.039304,-0.050585,-0.991217,0.003519,0.000331,15.805919
7.137624,81.938616,138.855324,2934.400058,14.420176,23.217021,219.528679,0.235734,-0.045236,-0.045383,-0.969554,0.003499,-0.000615,15.788082
7.153266,82.164125,139.218403,2937.832003,14.412995,23.205695,219.273965,0.353292,-0.050481,-0.039497,-0.933160,0.003237,-0.001531,15.770267
7.168909,82.389522,139.581306,2941.259965,14.405838,23.194389,219.019547,0.465353,-0.054960,-0.033018,-0.882635,0.002747,-0.002355,15.752474
7.184551,82.614807,139.944031,2944.683950,14.398706,23.183102,218.765426,0.570237,-0.058609,-0.026044,-0.818795,0.002058,-0.003031,15.734702
7.200193,82.839980,140.306581,2948.103962,14.391601,23.171838,218.511599,0.666382,-0.061375,-0.018682,-0.742648,0.001215,-0.003511,15.716952
7.215836,83.065043,140.668954,2951.520006,14.384524,23.160596,218.258065,0.752368,-0.063219,-0.011043,-0.655385,0.000272,-0.003762,15.699223
7.231478,83.289995,141.031151,2954.932087,14.377475,23.149380,218.004824,0.826934,-0.064116,-0.003243,-0.558358,-0.000709,-0.003764,15.681515
7.247120,83.514837,141.393174,2958.340208,14.370456,23.138190,217.751873,0.889000,-0.064056,0.004602,-0.453055,-0.001663,-0.003517,15.663829
7.262763,83.739569,141.755021,2961.744375,14.363468,23.127029,217.499213,0.937676,-0.063040,0.012376,-0.341084,-0.002526,-0.003035,15.646163
7.278405,83.964193,142.116694,2965.144592,14.356510,23.115897,217.246842,0.972282,-0.061088,0.019962,-0.224140,-0.003243,-0.002350,15.628519
7.294047,84.188708,142.478194,2968.540864,14.349582,23.104796,216.994758,0.992348,-0.058230,0.027249,-0.103985,-0.003767,-0.001506,15.610896
7.309690,84.413114,142.839520,2971.933195,14.342684,23.093728,216.742961,0.997624,-0.054512,0.034129,0.017581,-0.004066,-0.000558,15.593294
7.325332,84.637413,143.200673,2975.321589,14.335816,23.082693,216.491449,0.988082,-0.049990,0.040503,0.138751,-0.004123,0.000436,15.575712
7.340974,84.861605,143.561653,2978.706052,14.328977,23.071691,216.240222,0.963914,-0.044733,0.046277,0.257728,-0.003934,0.001412,15.558152
7.356617,85.085690,143.922462,2982.086586,14.322165,23.060723,215.989277,0.925526,-0.038821,0.051369,0.372762,-0.003515,0.002312,15.540612
7.372259,85.309669,144.283100,2985.463198,14.315380,23.049790,215.738615,0.873533,-0.032341,0.055705,0.482169,-0.002892,0.003083,15.523093
7.387901,85.533542,144.643567,2988.835891,14.308620,23.038890,215.488233,0.808744,-0.025391,0.059224,0.584358,-0.002105,0.003680,15.505594
7.403544,85.757309,145.003863,2992.204669,14.301884,23.028025,215.238132,0.732156,-0.018072,0.061876,0.677854,-0.001201,0.004072,15.488116
7.419186,85.980971,145.363990,2995.569538,14.295171,23.017193,214.988311,0.644929,-0.010494,0.063626,0.761315,-0.000233,0.004238,15.470658
7.434828,86.204528,145.723948,2998.930501,14.288480,23.006393,214.738769,0.548375,-0.002765,0.064450,0.833555,0.000742,0.004172,15.453221
7.450470,86.427981,146.083737,3002.287562,14.281808,22.995625,214.489505,0.443933,0.005000,0.064339,0.893560,0.001671,0.003880,15.435804
7.466113,86.651329,146.443357,3005.640727,14.275155,22.984887,214.240519,0.333150,0.012689,0.063296,0.940496,0.002504,0.003381,15.418408
7.481755,86.874574,146.802810,3008.989999,14.268519,22.974179,213.991811,0.217655,0.020193,0.061341,0.973727,0.003194,0.002705,15.401031
7.497397,87.097715,147.162096,3012.335383,14.261899,22.963499,213.743379,0.099138,0.027401,0.058502,0.992817,0.003707,0.001890,15.383675
7.513040,87.320752,147.521215,3015.676884,14.255295,22.952846,213.495222,-0.020679,0.034213,0.054824,0.997538,0.004016,0.000981,15.366339
7.528682,87.543687,147.880168,3019.014504,14.248705,22.942218,213.247341,-0.140062,0.040531,0.050361,0.987870,0.004106,0.000027,15.349023
7.544324,87.766518,148.238954,3022.348249,14.242129,22.931614,212.999734,-0.257296,0.046267,0.045180,0.964002,0.003973,-0.000919,15.331727
7.559967,87.989246,148.597575,3025.678124,14.235567,22.921033,212.752400,-0.370705,0.051339,0.039356,0.926324,0.003623,-0.001807,15.314451
7.575609,88.211872,148.956030,3029.004131,14.229018,22.910474,212.505339,-0.478678,0.055678,0.032974,0.875421,0.003077,-0.002589,15.297194
7.591251,88.434396,149.314321,3032.326276,14.222481,22.899936,212.258548,-0.579689,0.059224,0.026126,0.812066,0.002364,-0.003223,15.279958
7.606894,88.656818,149.672447,3035.644563,14.215958,22.889417,212.012029,-0.672321,0.061928,0.018911,0.737205,0.001523,-0.003671,15.262741
7.622536,88.879137,150.030408,3038.958996,14.209448,22.878917,211.765779,-0.755285,0.063755,0.011432,0.651941,0.000598,-0.003910,15.245544
7.638178,89.101355,150.388205,3042.269579,14.202953,22.868436,211.519799,-0.827436,0.064681,0.003795,0.557520,-0.000358,-0.003925,15.228366
7.653821,89.323471,150.745839,3045.576316,14.196471,22.857972,211.274087,-0.887789,0.064696,-0.003892,0.455310,-0.001293,-0.003712,15.211208
7.669463,89.545486,151.103308,3048.879212,14.190005,22.847526,211.028642,-0.935529,0.063803,-0.011520,0.346782,-0.002153,-0.003283,15.194069
7.685105,89.767400,151.460615,3052.178271,14.183554,22.837098,210.783465,-0.970027,0.062015,-0.018984,0.233487,-0.002889,-0.002659,15.176950
7.700748,89.989214,151.817759,3055.473496,14.177119,22.826687,210.538553,-0.990842,0.059360,-0.026179,0.117035,-0.003456,-0.001875,15.159850
7.716390,90.210926,152.174740,3058.764893,14.170702,22.816294,210.293906,-0.997728,0.055879,-0.033005,-0.000928,-0.003821,-0.000975,15.142769
7.732032,90.432539,152.531558,3062.052465,14.164304,22.805919,210.049523,-0.990635,0.051621,-0.039369,-0.118745,-0.003961,-0.000010,15.125708
7.747674,90.654052,152.888214,3065.336216,14.157924,22.795562,209.805403,-0.969709,0.046647,-0.045183,-0.234771,-0.003864,0.000964,15.108666
7.763317,90.875465,153.244709,3068.616151,14.151564,22.785225,209.561546,-0.935290,0.041030,-0.050369,-0.347394,-0.003535,0.001891,15.091642
7.778959,91.096778,153.601042,3071.892273,14.145225,22.774908,209.317949,-0.887901,0.034847,-0.054856,-0.455058,-0.002991,0.002714,15.074638
7.794601,91.317993,153.957214,3075.164587,14.138907,22.764611,209.074612,-0.828244,0.028185,-0.058584,-0.556286,-0.002262,0.003386,15.057653
7.810244,91.539109,154.313224,3078.433097,14.132611,22.754336,208.831534,-0.757186,0.021139,-0.061504,-0.649698,-0.001390,0.003865,15.040687
7.825886,91.760126,154.669075,3081.697806,14.126337,22.744083,208.588713,-0.675748,0.013804,-0.063578,-0.734029,-0.000425,0.004122,15.023739
7.841528,91.981046,155.024765,3084.958719,14.120086,22.733853,208.346149,-0.585087,0.006283,-0.064780,-0.808148,0.000576,0.004142,15.006811
7.857171,92.201868,155.380295,3088.215840,14.113858,22.723647,208.103841,-0.486482,-0.001321,-0.065096,-0.871069,0.001556,0.003921,14.989901
7.872813,92.422593,155.735666,3091.469172,14.107653,22.713465,207.861788,-0.381312,-0.008904,-0.064523,-0.921967,0.002458,0.003473,14.973010
7.888455,92.643221,156.090878,3094.718720,14.101472,22.703308,207.619989,-0.271040,-0.016363,-0.063072,-0.960185,0.003229,0.002823,14.956137
7.904098,92.863753,156.445931,3097.964488,14.095313,22.693178,207.378444,-0.157190,-0.023598,-0.060764,-0.985243,0.003827,0.002008,14.939283
7.919740,93.084188,156.800825,3101.206480,14.089177,22.683073,207.137151,-0.041326,-0.030510,-0.057634,-0.996845,0.004216,0.001075,14.922448
7.935382,93.304527,157.155562,3104.444699,14.083064,22.672996,206.896110,0.074969,-0.037007,-0.053726,-0.994879,0.004376,0.000075,14.905631
7.951025,93.524771,157.510142,3107.679149,14.076973,22.662945,206.655320,0.190117,-0.043002,-0.049094,-0.979416,0.004299,-0.000934,14.888833
7.966667,93.744920,157.864564,3110.909836,14.070903,22.652921,206.414780,0.302561,-0.048417,-0.043802,-0.950712,0.003990,-0.001898,14.872052
7.982309,93.964975,158.218830,3114.136761,14.064855,22.642925,206.174491,0.410792,-0.053179,-0.037924,-0.909198,0.003466,-0.002764,14.855290
7.997952,94.184934,158.572940,3117.359930,14.058827,22.632956,205.934449,0.513365,-0.057227,-0.031540,-0.855479,0.002758,-0.003484,14.838547
8.013594,94.404800,158.926894,3120.579346,14.052818,22.623013,205.694656,0.608919,-0.060508,-0.024736,-0.790317,0.001904,-0.004023,14.821821
8.029236,94.624572,159.280693,3123.795012,14.046829,22.613097,205.455109,0.696197,-0.062981,-0.017604,-0.714625,0.000951,-0.004351,14.805114
8.044878,94.844250,159.634337,3127.006934,14.040858,22.603207,205.215809,0.774057,-0.064615,-0.010241,-0.629453,-0.000050,-0.004453,14.788425
8.060521,95.063835,159.987826,3130.215115,14.034905,22.593343,204.976754,0.841491,-0.065390,-0.002744,-0.535969,-0.001047,-0.004326,14.771753
8.077993,95.308994,160.382480,3133.794128,14.028275,22.582355,204.710027,0.903431,-0.065231,0.005666,-0.423294,-0.002091,-0.003921,14.753153
8.095465,95.554038,160.776942,3137.368483,14.021665,22.571397,204.443605,0.950316,-0.063996,0.013978,-0.303743,-0.002997,-0.003268,14.734576
8.112937,95.798966,161.171213,3140.938186,14.015075,22.560469,204.177487,0.981427,-0.061710,0.022058,-0.179319,-0.003709,-0.002409,14.716020
8.130409,96.043779,161.565293,3144.503243,14.008504,22.549570,203.911672,0.996311,-0.058412,0.029772,-0.052094,-0.004181,-0.001400,14.697487
8.147881,96.288478,161.959183,3148.063657,14.001950,22.538698,203.646159,0.994784,-0.054160,0.036997,0.075828,-0.004384,-0.000307,14.678976
8.165352,96.533062,162.352883,3151.619435,13.995415,22.527854,203.380948,0.976932,-0.049026,0.043614,0.202344,-0.004307,0.000802,14.660487
8.182824,96.777532,162.746394,3155.170583,13.988896,22.517035,203.116037,0.943110,-0.043096,0.049519,0.325389,-0.003954,0.001854,14.642020
8.200296,97.021889,163.139716,3158.717104,13.982395,22.506241,202.851425,0.893929,-0.036468,0.054618,0.442966,-0.003348,0.002785,14.623575
8.217768,97.266132,163.532850,3162.259004,13.975911,22.495472,202.587113,0.830250,-0.029253,0.058830,0.553180,-0.002528,0.003533,14.605152
8.235240,97.510262,163.925796,3165.796289,13.969444,22.484726,202.323097,0.753162,-0.021567,0.062090,0.654267,-0.001545,0.004051,14.586750
8.252712,97.754279,164.318554,3169.328964,13.962995,22.474003,202.059376,0.663965,-0.013538,0.064349,0.744624,-0.000462,0.004306,14.568370
8.270184,97.998183,164.711125,3172.857034,13.956562,22.463303,201.795947,0.564146,-0.005294,0.065572,0.822829,0.000651,0.004279,14.550012
8.287656,98.241975,165.103510,3176.380503,13.950148,22.452625,201.532811,0.455356,0.003032,0.065743,0.887668,0.001723,0.003971,14.531675
8.305128,98.485656,165.495708,3179.899378,13.943752,22.441968,201.269965,0.339379,0.011306,0.064863,0.938147,0.002685,0.003402,14.513360
8.322600,98.729225,165.887720,3183.413662,13.937374,22.431334,201.007411,0.218102,0.019397,0.062949,0.973512,0.003474,0.002605,14.495066
8.340072,98.972682,166.279546,3186.923362,13.931016,22.420721,200.745145,0.093488,0.027175,0.060033,0.993251,0.004037,0.001633,14.476793
8.357544,99.216029,166.671187,3190.428482,13.924678,22.410131,200.483168,-0.032461,0.034520,0.056166,0.997111,0.004336,0.000547,14.458541
8.375016,99.459265,167.062643,3193.929028,13.918356,22.399558,200.221478,-0.157736,0.041315,0.051412,0.985088,0.004348,-0.000580,14.440311
8.392488,99.702390,167.453915,3197.425003,13.912037,22.388989,199.960076,-0.280346,0.047456,0.045847,0.957433,0.004076,-0.001688,14.422103
8.409960,99.945406,167.845002,3200.916414,13.905712,22.378409,199.698962,-0.398361,0.052846,0.039562,0.914645,0.003530,-0.002730,14.403918
8.427432,100.188310,168.235904,3204.403266,13.899376,22.367817,199.438135,-0.509932,0.057406,0.032658,0.857456,0.002721,-0.003640,14.385757
8.444904,100.431104,168.626621,3207.885562,13.893035,22.357223,199.177594,-0.613324,0.061065,0.025245,0.786823,0.001670,-0.004343,14.367618
8.462376,100.673787,169.017152,3211.363309,13.886701,22.346631,198.917335,-0.706942,0.063769,0.017438,0.703906,0.000429,-0.004766,14.349502
8.479848,100.916359,169.407499,3214.836511,13.880372,22.336040,198.657358,-0.789353,0.065480,0.009362,0.610054,-0.000927,-0.004847,14.331409
8.497320,101.158821,169.797661,3218.305174,13.874045,22.325454,198.397662,-0.859312,0.066172,0.001142,0.506776,-0.002299,-0.004548,14.313337
8.514791,101.401173,170.187638,3221.769301,13.867729,22.314882,198.138244,-0.915772,0.065839,-0.007096,0.395719,-0.003574,-0.003874,14.295288
8.532263,101.643414,170.577430,3225.228898,13.861429,22.304329,197.879101,-0.957906,0.064489,-0.015223,0.278643,-0.004646,-0.002854,14.277260
8.549735,101.885545,170.967038,3228.683970,13.855147,22.293797,197.620234,-0.985113,0.062144,-0.023116,0.157388,-0.005421,-0.001547,14.259254
8.567207,102.127567,171.356462,3232.134522,13.848887,22.283292,197.361640,-0.997029,0.058843,-0.030655,0.033848,-0.005818,-0.000045,14.241270
8.584679,102.369480,171.745703,3235.580557,13.842653,22.272821,197.103317,-0.993526,0.054638,-0.037724,-0.090059,-0.005789,0.001536,14.223306
8.602151,102.611283,172.134762,3239.022082,13.836449,22.262385,196.845264,-0.974717,0.049595,-0.044216,-0.212421,-0.005324,0.003072,14.205364
8.619623,102.852979,172.523638,3242.459100,13.830276,22.251987,196.587480,-0.940950,0.043793,-0.050034,-0.331364,-0.004451,0.004440,14.187444
8.637095,103.094567,172.912333,3245.891617,13.824136,22.241631,196.329963,-0.892798,0.037323,-0.055092,-0.445076,-0.003232,0.005532,14.169543
8.654567,103.336049,173.300848,3249.319636,13.818032,22.231320,196.072712,-0.831052,0.030282,-0.059312,-0.551838,-0.001759,0.006262,14.151664
8.672039,103.577424,173.689183,3252.743164,13.811964,22.221055,195.815726,-0.756707,0.022780,-0.062635,-0.650045,-0.000143,0.006575,14.133806
8.689511,103.818693,174.077338,3256.162203,13.805934,22.210838,195.559003,-0.670941,0.014931,-0.065009,-0.738238,0.001495,0.006451,14.115967
8.706983,104.059857,174.465316,3259.576759,13.799941,22.200668,195.302544,-0.575099,0.006853,-0.066403,-0.815113,0.003034,0.005908,14.098150
8.724455,104.300917,174.853117,3262.986837,13.793985,22.190546,195.046346,-0.470671,-0.001331,-0.066796,-0.879550,0.004367,0.004995,14.080352
8.741927,104.541873,175.240741,3266.392441,13.788064,22.180470,194.790409,-0.359267,-0.009498,-0.066185,-0.930622,0.005410,0.003787,14.062575
8.759399,104.782726,175.628189,3269.793575,13.782178,22.170439,194.534732,-0.242592,-0.017524,-0.064580,-0.967611,0.006105,0.002377,14.044818
8.776871,105.023476,176.015462,3273.190245,13.776325,22.160451,194.279315,-0.122420,-0.025291,-0.062009,-0.990014,0.006421,0.000866,14.027081
8.794343,105.264124,176.402562,3276.582454,13.770503,22.150503,194.024158,-0.000564,-0.032683,-0.058511,-0.997550,0.006357,-0.000645,14.009363
8.811815,105.504671,176.789488,3279.970207,13.764708,22.140592,193.769259,0.121145,-0.039589,-0.054140,-0.990163,0.005940,-0.002064,13.991666
8.829287,105.745117,177.176241,3283.353509,13.758940,22.130715,193.514620,0.240895,-0.045908,-0.048964,-0.968019,0.005213,-0.003314,13.973988
8.846759,105.985462,177.562821,3286.732364,13.753194,22.120869,193.260239,0.356909,-0.051549,-0.043062,-0.931504,0.004237,-0.004333,13.956329
8.864230,106.225707,177.949230,3290.106777,13.747468,22.111050,193.006117,0.467481,-0.056427,-0.036522,-0.881213,0.003080,-0.005081,13.938691
8.881702,106.465853,178.335468,3293.476752,13.741761,22.101254,192.752253,0.570995,-0.060475,-0.029443,-0.817945,0.001812,-0.005535,13.921071
8.899174,106.705898,178.721534,3296.842294,13.736067,22.091478,192.498647,0.665948,-0.063633,-0.021930,-0.742681,0.000502,-0.005690,13.903471
8.916646,106.945845,179.107430,3300.203407,13.730387,22.081719,192.245298,0.750974,-0.065857,-0.014096,-0.656576,-0.000785,-0.005553,13.885890
8.934118,107.185692,179.493156,3303.560096,13.724716,22.071974,191.992208,0.824863,-0.067119,-0.006055,-0.560936,-0.001991,-0.005142,13.868329
8.951590,107.425440,179.878711,3306.912365,13.719053,22.062239,191.739375,0.886572,-0.067401,0.002074,-0.457199,-0.003065,-0.004485,13.850786
8.969062,107.665089,180.264097,3310.260219,13.713396,22.052512,191.486798,0.935247,-0.066702,0.010171,-0.346911,-0.003962,-0.003617,13.833262
8.986534,107.904639,180.649312,3313.603662,13.707744,22.042792,191.234476,0.970227,-0.065036,0.018121,-0.231706,-0.004646,-0.002578,13.815758
9.004006,108.144091,181.034358,3316.942699,13.702096,22.033076,190.982411,0.991055,-0.062428,0.025808,-0.113277,-0.005085,-0.001414,13.798272
9.021478,108.383444,181.419234,3320.277334,13.696451,22.023364,190.730599,0.997483,-0.058920,0.033121,0.006644,-0.005256,-0.000176,13.780805
9.038950,108.622698,181.803940,3323.607571,13.690808,22.013655,190.479042,0.989471,-0.054565,0.039957,0.126318,-0.005145,0.001078,13.763357
9.056422,108.861854,182.188477,3326.933416,13.685167,22.003950,190.227738,0.967191,-0.049426,0.046219,0.244017,-0.004749,0.002288,13.745927
9.073894,109.100911,182.572844,3330.254872,13.679530,21.994247,189.976687,0.931018,-0.043581,0.051818,0.358054,-0.004077,0.003390,13.728516
9.091366,109.339870,182.957041,3333.571944,13.673896,21.984548,189.725887,0.881522,-0.037114,0.056678,0.466807,-0.003154,0.004320,13.711124
9.108838,109.578731,183.341070,3336.884636,13.668267,21.974855,189.475338,0.819465,-0.030120,0.060730,0.568736,-0.002019,0.005019,13.693750
9.126310,109.817493,183.724929,3340.192952,13.662643,21.965168,189.225039,0.745781,-0.022698,0.063919,0.662411,-0.000728,0.005435,13.676394
9.143782,110.056157,184.108618,3343.496898,13.657026,21.955490,188.974988,0.661563,-0.014954,0.066204,0.746529,0.000650,0.005531,13.659057
9.161254,110.294723,184.492139,3346.796477,13.651418,21.945822,188.725185,0.568049,-0.007000,0.067553,0.819930,0.002035,0.005285,13.641738
9.178726,110.533191,184.875491,3350.091694,13.645821,21.936166,188.475629,0.466600,0.001054,0.067950,0.881613,0.003342,0.004699,13.624437
9.196198,110.771561,185.258674,3353.382552,13.640235,21.926526,188.226317,0.358682,0.009093,0.067393,0.930751,0.004483,0.003794,13.607155
9.213669,111.009834,185.641689,3356.669057,13.634664,21.916903,187.977249,0.245842,0.017005,0.065891,0.966698,0.005381,0.002617,13.589890
9.231141,111.248009,186.024537,3359.951212,13.629108,21.907300,187.728424,0.129686,0.024681,0.063467,0.988998,0.005968,0.001234,13.572643
9.248613,111.486088,186.407216,3363.229021,13.623570,21.897719,187.479840,0.011857,0.032013,0.060158,0.997390,0.006197,-0.000272,13.555415
9.266085,111.724070,186.789728,3366.502490,13.618050,21.888162,187.231496,-0.105987,0.038902,0.056011,0.991810,0.006043,-0.001805,13.538204
9.283557,111.961956,187.172074,3369.771621,13.612551,21.878631,186.983391,-0.222202,0.045252,0.051086,0.972388,0.005509,-0.003267,13.521011
9.301029,112.199746,187.554253,3373.036420,13.607075,21.869129,186.735524,-0.335174,0.050977,0.045452,0.939448,0.004622,-0.004562,13.503836
9.318501,112.437440,187.936267,3376.296890,13.601621,21.859657,186.487895,-0.443346,0.055999,0.039189,0.893499,0.003435,-0.005605,13.486679
9.335973,112.675040,188.318115,3379.553036,13.596191,21.850216,186.240501,-0.545237,0.060251,0.032384,0.835227,0.002022,-0.006326,13.469539
9.353445,112.912544,188.699799,3382.804861,13.590786,21.840807,185.993343,-0.639462,0.063676,0.025132,0.765485,0.000471,-0.006680,13.452417
9.370917,113.149955,189.081318,3386.052370,13.585406,21.831430,185.746420,-0.724751,0.066229,0.017533,0.685279,-0.001120,-0.006645,13.435312
9.388389,113.387272,189.462674,3389.295567,13.580052,21.822087,185.499730,-0.799965,0.067876,0.009691,0.595751,-0.002653,-0.006226,13.418226
9.405861,113.624495,189.843867,3392.534455,13.574722,21.812778,185.253273,-0.864110,0.068598,0.001715,0.498165,-0.004036,-0.005452,13.401156
9.423333,113.861626,190.224898,3395.769040,13.569418,21.803501,185.007049,-0.916351,0.068386,-0.006287,0.393888,-0.005187,-0.004374,13.384104
9.440805,114.098664,190.605767,3398.999325,13.564138,21.794257,184.761056,-0.956019,0.067245,-0.014206,0.284368,-0.006044,-0.003061,13.367069
9.458277,114.335610,190.986475,3402.225313,13.558882,21.785044,184.515294,-0.982623,0.065192,-0.021936,0.171118,-0.006563,-0.001595,13.350052
9.475749,114.572464,191.367021,3405.447010,13.553648,21.775862,184.269762,-0.995851,0.062257,-0.029371,0.055688,-0.006722,-0.000062,13.333051
9.493221,114.809227,191.747408,3408.664419,13.548437,21.766710,184.024460,-0.995576,0.058483,-0.036412,-0.060349,-0.006522,0.001452,13.316068
9.510693,115.045899,192.127635,3411.877544,13.543246,21.757585,183.779387,-0.981851,0.053920,-0.042965,-0.175422,-0.005985,0.002863,13.299102
9.528165,115.282481,192.507703,3415.086389,13.538075,21.748487,183.534543,-0.954914,0.048633,-0.048944,-0.287985,-0.005148,0.004100,13.282154
9.545637,115.518973,192.887612,3418.290958,13.532922,21.739413,183.289928,-0.915177,0.042694,-0.054269,-0.396533,-0.004065,0.005104,13.265222
9.563108,115.755374,193.267363,3421.491255,13.527786,21.730362,183.045540,-0.863223,0.036184,-0.058871,-0.499627,-0.002798,0.005829,13.248307
9.580580,115.991686,193.646956,3424.687284,13.522666,21.721333,182.801381,-0.799791,0.029191,-0.062690,-0.595908,-0.001416,0.006249,13.231409
9.598052,116.227909,194.026391,3427.879049,13.517560,21.712322,182.557448,-0.725773,0.021809,-0.065677,-0.684118,0.000011,0.006349,13.214528
9.615524,116.464043,194.405670,3431.066555,13.512467,21.703330,182.313743,-0.642194,0.014136,-0.067795,-0.763114,0.001411,0.006134,13.197664
9.632996,116.700087,194.784791,3434.249804,13.507386,21.694353,182.070264,-0.550201,0.006276,-0.069018,-0.831883,0.002719,0.005621,13.180817
9.652597,116.964792,195.209927,3437.815924,13.501698,21.684300,181.797383,-0.438532,-0.002636,-0.069307,-0.895785,0.004003,0.004727,13.161936
9.672199,117.229386,195.634867,3441.376698,13.496023,21.674263,181.524785,-0.319741,-0.011507,-0.068451,-0.944721,0.005024,0.003553,13.143077
9.691800,117.493869,196.059610,3444.932132,13.490359,21.664241,181.252470,-0.195826,-0.020188,-0.066467,-0.977944,0.005725,0.002169,13.124238
9.711401,117.758241,196.484157,3448.482230,13.484706,21.654233,180.980435,-0.068856,-0.028539,-0.063391,-0.994974,0.006066,0.000657,13.105421
9.731002,118.022502,196.908508,3452.026999,13.479062,21.644236,180.708676,0.059066,-0.036423,-0.059276,-0.995598,0.006027,-0.000893,13.086624
9.750603,118.286652,197.332663,3455.566444,13.473426,21.634251,180.437191,0.185834,-0.043714,-0.054192,-0.979878,0.005606,-0.002391,13.067848
9.770205,118.550692,197.756623,3459.100571,13.467800,21.624277,180.165980,0.309378,-0.050293,-0.048226,-0.948141,0.004826,-0.003746,13.049092
9.789806,118.814622,198.180387,3462.629384,13.462182,21.614314,179.895043,0.427695,-0.056056,-0.041476,-0.900974,0.003726,-0.004873,13.030357
9.809407,119.078442,198.603956,3466.152889,13.456574,21.604363,179.624379,0.538881,-0.060913,-0.034054,-0.839212,0.002370,-0.005697,13.011642
9.829008,119.342152,199.027329,3469.671091,13.450976,21.594424,179.353986,0.641162,-0.064788,-0.026082,-0.763918,0.000837,-0.006160,12.992948
9.848609,119.605753,199.450509,3473.183996,13.445389,21.584499,179.083863,0.732921,-0.067620,-0.017688,-0.676371,-0.000780,-0.006223,12.974274
9.868211,119.869244,199.873494,3476.691608,13.439813,21.574588,178.814010,0.812721,-0.069368,-0.009010,-0.578037,-0.002377,-0.005872,12.955620
9.887812,120.132626,200.296284,3480.193934,13.434249,21.564692,178.544425,0.879330,-0.070007,-0.000186,-0.470543,-0.003848,-0.005119,12.936986
9.907413,120.395898,200.718881,3483.690979,13.428699,21.554814,178.275107,0.931736,-0.069529,0.008643,-0.355656,-0.005093,-0.004004,12.918372
9.927014,120.659063,201.141285,3487.182747,13.423164,21.544955,178.006055,0.969161,-0.067946,0.017336,-0.235244,-0.006021,-0.002593,12.899779
9.946615,120.922119,201.563495,3490.669243,13.417645,21.535117,177.737268,0.991073,-0.065284,0.025756,-0.111254,-0.006562,-0.000975,12.881205
9.966217,121.185067,201.985513,3494.150474,13.412143,21.525301,177.468744,0.997191,-0.061590,0.033772,0.014327,-0.006671,0.000744,12.862651
9.985818,121.447907,202.407339,3497.626444,13.406659,21.515508,177.200482,0.987484,-0.056923,0.041257,0.139500,-0.006332,0.002448,12.844117
10.005419,121.710640,202.828972,3501.097159,13.401194,21.505740,176.932479,0.962175,-0.051360,0.048095,0.262286,-0.005562,0.004020,12.825602
10.025020,121.973266,203.250415,3504.562623,13.395749,21.495999,176.664735,0.921731,-0.044990,0.054182,0.380758,-0.004406,0.005350,12.807107
10.044621,122.235785,203.671667,3508.022841,13.390325,21.486285,176.397250,0.866852,-0.037913,0.059424,0.493073,-0.002940,0.006345,12.788632
10.064223,122.498199,204.092729,3511.477818,13.384923,21.476600,176.130021,0.798463,-0.030244,0.063741,0.597495,-0.001262,0.006935,12.770176
10.083824,122.760507,204.513601,3514.927561,13.379543,21.466944,175.863049,0.717690,-0.022101,0.067069,0.692426,0.000517,0.007078,12.751739
10.103425,123.022709,204.934285,3518.372072,13.374186,21.457319,175.596331,0.625848,-0.013612,0.069358,0.776426,0.002277,0.006763,12.733322
10.123026,123.284807,205.354780,3521.811358,13.368851,21.447723,175.329869,0.524411,-0.004909,0.070576,0.848237,0.003901,0.006013,12.714924
10.142627,123.546800,205.775087,3525.245424,13.363539,21.438158,175.063659,0.414993,0.003873,0.070706,0.906798,0.005282,0.004878,12.696545
10.162229,123.808690,206.195207,3528.674274,13.358249,21.428623,174.797703,0.299322,0.012598,0.069749,0.951261,0.006332,0.003435,12.678186
10.181830,124.070476,206.615141,3532.097914,13.352982,21.419119,174.531998,0.179205,0.021135,0.067722,0.981003,0.006987,0.001779,12.659845
10.201431,124.332159,207.034888,3535.516348,13.347737,21.409644,174.266545,0.056510,0.029351,0.064658,0.995629,0.007208,0.000019,12.641524
10.221032,124.593739,207.454450,3538.929581,13.342512,21.400197,174.001342,-0.066873,0.037123,0.060608,0.994981,0.006988,-0.001734,12.623221
10.240633,124.855217,207.873827,3542.337618,13.337308,21.390779,173.736389,-0.189055,0.044334,0.055635,0.979136,0.006345,-0.003371,12.604937
10.260235,125.116594,208.293020,3545.740464,13.332124,21.381387,173.471684,-0.308181,0.050876,0.049817,0.948400,0.005327,-0.004793,12.586673
10.279836,125.377868,208.712029,3549.138125,13.326959,21.372022,173.207228,-0.422453,0.056651,0.043243,0.903306,0.004000,-0.005918,12.568427
10.299437,125.639042,209.130854,3552.530604,13.321812,21.362681,172.943019,-0.530162,0.061575,0.036016,0.844598,0.002448,-0.006683,12.550199
10.319038,125.900115,209.549497,3555.917906,13.316682,21.353364,172.679058,-0.629709,0.065574,0.028244,0.773223,0.000768,-0.007049,12.531990
10.338639,126.161088,209.967958,3559.300037,13.311568,21.344069,172.415343,-0.719631,0.068593,0.020047,0.690310,-0.000943,-0.007000,12.513800
10.358241,126.421961,210.386236,3562.677002,13.306470,21.334795,172.151874,-0.798619,0.070588,0.011547,0.597155,-0.002584,-0.006545,12.495629
10.377842,126.682734,210.804333,3566.048804,13.301387,21.325540,171.888651,-0.865538,0.071532,0.002873,0.495198,-0.004062,-0.005716,12.477476
10.397443,126.943407,211.222248,3569.415450,13.296317,21.316305,171.625672,-0.919442,0.071414,-0.005847,0.385997,-0.005297,-0.004563,12.459341
10.417044,127.203981,211.639983,3572.776943,13.291260,21.307088,171.362938,-0.959584,0.070238,-0.014483,0.271212,-0.006219,-0.003154,12.441225
10.436645,127.464456,212.057537,3576.133288,13.286216,21.297887,171.100448,-0.985428,0.068025,-0.022907,0.152569,-0.006781,-0.001570,12.423127
10.456247,127.724833,212.474911,3579.484491,13.281184,21.288703,170.838200,-0.996656,0.064810,-0.030997,0.031842,-0.006951,0.000100,12.405047
10.475848,127.985111,212.892105,3582.830556,13.276164,21.279534,170.576196,-0.993163,0.060643,-0.038634,-0.089178,-0.006722,0.001763,12.386985
10.495449,128.245290,213.309120,3586.171488,13.271155,21.270380,170.314432,-0.975067,0.055587,-0.045708,-0.208711,-0.006107,0.003325,12.368942
10.515050,128.505372,213.725955,3589.507291,13.266157,21.261240,170.052909,-0.942696,0.049719,-0.052117,-0.325007,-0.005137,0.004701,12.350917
10.534651,128.765355,214.142611,3592.837970,13.261170,21.252115,169.791626,-0.896587,0.043125,-0.057770,-0.436381,-0.003867,0.005810,12.332910
10.554252,129.025241,214.559089,3596.163530,13.256193,21.243004,169.530582,-0.837471,0.035905,-0.062586,-0.541229,-0.002364,0.006590,12.314920
10.573854,129.285030,214.975388,3599.483976,13.251228,21.233908,169.269777,-0.766265,0.028163,-0.066500,-0.638055,-0.000713,0.006993,12.296949
10.593455,129.544721,215.391509,3602.799312,13.246274,21.224827,169.009210,-0.684055,0.020013,-0.069455,-0.725489,0.000994,0.006992,12.278996
10.613056,129.804316,215.807452,3606.109543,13.241332,21.215761,168.748879,-0.592078,0.011573,-0.071413,-0.802308,0.002661,0.006583,12.261060
10.632657,130.063813,216.223218,3609.414673,13.236402,21.206710,168.488784,-0.491702,0.002964,-0.072348,-0.867453,0.004191,0.005785,12.243142
10.652258,130.323214,216.638806,3612.714708,13.231483,21.197676,168.228925,-0.384408,-0.005690,-0.072250,-0.920036,0.005495,0.004638,12.225242
10.671860,130.582519,217.054217,3616.009651,13.226578,21.188658,167.969300,-0.271762,-0.014266,-0.071123,-0.959359,0.006492,0.003204,12.207359
10.691461,130.841728,217.469452,3619.299508,13.221686,21.179658,167.709908,-0.155400,-0.022643,-0.068984,-0.984918,0.007122,0.001564,12.189495
10.711062,131.100841,217.884511,3622.584282,13.216807,21.170677,167.450750,-0.036994,-0.030702,-0.065868,-0.996411,0.007343,-0.000190,12.171647
10.730663,131.359859,218.299394,3625.863979,13.211943,21.161714,167.191823,0.081763,-0.038330,-0.061820,-0.993734,0.007137,-0.001956,12.153818
10.750264,131.618781,218.714101,3629.138603,13.207094,21.152772,166.933127,0.199188,-0.045421,-0.056901,-0.976988,0.006510,-0.003630,12.136005
10.769866,131.877608,219.128633,3632.408158,13.202259,21.143850,166.674661,0.313627,-0.051878,-0.051180,-0.946471,0.005496,-0.005113,12.118211
10.789467,132.136341,219.542990,3635.672650,13.197441,21.134949,166.416424,0.423483,-0.057611,-0.044740,-0.902675,0.004151,-0.006317,12.100433
10.809068,132.394980,219.957174,3638.932082,13.192638,21.126070,166.158414,0.527233,-0.062543,-0.037673,-0.846271,0.002549,-0.007168,12.082673
10.828669,132.653524,220.371183,3642.186459,13.187852,21.117213,165.900632,0.623450,-0.066606,-0.030079,-0.778105,0.000785,-0.007614,12.064930
10.848270,132.911975,220.785019,3645.435785,13.183083,21.108380,165.643077,0.710825,-0.069747,-0.022063,-0.699181,-0.001041,-0.007627,12.047205
10.867872,133.170333,221.198682,3648.680065,13.178331,21.099569,165.385748,0.788180,-0.071924,-0.013739,-0.610645,-0.002822,-0.007204,12.029496
10.887473,133.428597,221.612173,3651.919303,13.173596,21.090782,165.128643,0.854486,-0.073109,-0.005221,-0.513767,-0.004455,-0.006369,12.011805
10.907074,133.686769,222.025491,3655.153504,13.168879,21.082019,164.871763,0.908875,-0.073289,0.003373,-0.409925,-0.005846,-0.005169,11.994131
10.926675,133.944849,222.438639,3658.382672,13.164179,21.073280,164.615107,0.950647,-0.072464,0.011925,-0.300583,-0.006915,-0.003673,11.976474
10.946276,134.202837,222.851615,3661.606812,13.159496,21.064565,164.358673,0.979285,-0.070647,0.020318,-0.187269,-0.007602,-0.001967,11.958833
10.965878,134.460733,223.264420,3664.825927,13.154830,21.055874,164.102462,0.994453,-0.067866,0.028438,-0.071554,-0.007869,-0.000148,11.941210
10.985479,134.718538,223.677055,3668.040022,13.150182,21.047206,163.846473,0.996004,-0.064160,0.036175,0.044967,-0.007703,0.001683,11.923604
11.005080,134.976252,224.089521,3671.249102,13.145550,21.038562,163.590704,0.983976,-0.059582,0.043426,0.160704,-0.007115,0.003422,11.906014
11.024681,135.233875,224.501817,3674.453170,13.140935,21.029940,163.335156,0.958593,-0.054197,0.050092,0.274084,-0.006139,0.004975,11.888442
11.044282,135.491408,224.913945,3677.652232,13.136336,21.021341,163.079827,0.920258,-0.048078,0.056087,0.383583,-0.004832,0.006257,11.870886
11.063884,135.748851,225.325904,3680.846291,13.131752,21.012765,162.824717,0.869547,-0.041310,0.061331,0.487738,-0.003267,0.007200,11.853347
11.083485,136.006204,225.737696,3684.035352,13.127184,21.004209,162.569825,0.807197,-0.033985,0.065756,0.585167,-0.001530,0.007756,11.835824
11.103086,136.263468,226.149320,3687.219419,13.122631,20.995675,162.315150,0.734099,-0.026202,0.069304,0.674593,0.000285,0.007898,11.818318
11.122687,136.520643,226.560777,3690.398495,13.118093,20.987161,162.060693,0.651278,-0.018066,0.071930,0.754852,0.002080,0.007621,11.800829
11.142288,136.777728,226.972067,3693.572587,13.113569,20.978667,161.806453,0.559885,-0.009687,0.073602,0.824913,0.003762,0.006943,11.783356
11.161890,137.034726,227.383191,3696.741697,13.109059,20.970193,161.552428,0.461174,-0.001175,0.074300,0.883889,0.005242,0.005901,11.765900
11.183673,137.320234,227.839895,3700.257822,13.104062,20.960796,161.270373,0.344525,0.008302,0.073925,0.935538,0.006558,0.004387,11.746519
11.205457,137.605634,228.296395,3703.767805,13.099081,20.951422,160.988583,0.222440,0.017650,0.072348,0.971821,0.007450,0.002592,11.727159
11.227240,137.890925,228.752691,3707.271654,13.094115,20.942069,160.707059,0.096936,0.026716,0.069599,0.992222,0.007863,0.000634,11.707819
11.249024,138.176109,229.208784,3710.769372,13.089165,20.932737,160.425798,-0.029933,0.035356,0.065725,0.996490,0.007773,-0.001364,11.688499
11.270808,138.461184,229.664673,3714.260966,13.084229,20.923425,160.144800,-0.156108,0.043431,0.060791,0.984634,0.007186,-0.003276,11.669199
11.292591,138.746153,230.120360,3717.746442,13.079307,20.914133,159.864064,-0.279558,0.050813,0.054880,0.956927,0.006141,-0.004982,11.649919
11.314375,139.031014,230.575844,3721.225806,13.074400,20.904861,159.583589,-0.398311,0.057388,0.048089,0.913890,0.004703,-0.006374,11.630659
11.336159,139.315768,231.031127,3724.699062,13.069506,20.895607,159.303375,-0.510490,0.063051,0.040528,0.856291,0.002961,-0.007367,11.611419
11.357942,139.600416,231.486209,3728.166218,13.064626,20.886372,159.023420,-0.614334,0.067717,0.032320,0.785121,0.001023,-0.007895,11.592199
11.379726,139.884958,231.941089,3731.627277,13.059760,20.877156,158.743723,-0.708233,0.071313,0.023597,0.701579,-0.000990,-0.007925,11.572998
11.401509,140.169394,232.395769,3735.082247,13.054908,20.867959,158.464284,-0.790747,0.073787,0.014496,0.607052,-0.002953,-0.007453,11.553818
11.423293,140.453725,232.850249,3738.531132,13.050069,20.858781,158.185103,-0.860628,0.075102,0.005164,0.503089,-0.004742,-0.006505,11.534656
11.445077,140.737950,233.304529,3741.973939,13.045244,20.849621,157.906177,-0.916838,0.075242,-0.004255,0.391375,-0.006245,-0.005137,11.515515
11.466860,141.022070,233.758610,3745.410672,13.040434,20.840482,157.627506,-0.958561,0.074207,-0.013613,0.273704,-0.007365,-0.003432,11.496393
11.488644,141.306086,234.212492,3748.841337,13.035638,20.831362,157.349089,-0.985216,0.072016,-0.022763,0.151946,-0.008029,-0.001495,11.477291
11.510428,141.589997,234.666175,3752.265941,13.030856,20.822262,157.070926,-0.996463,0.068708,-0.031566,0.028021,-0.008193,0.000554,11.458208
11.532211,141.873805,235.119660,3755.684487,13.026089,20.813183,156.793015,-0.992204,0.064336,-0.039886,-0.096132,-0.007841,0.002588,11.439144
11.553995,142.157508,235.572948,3759.096983,13.021337,20.804124,156.515355,-0.972582,0.058970,-0.047596,-0.218589,-0.006993,0.004479,11.420100
11.575778,142.441109,236.026039,3762.503433,13.016601,20.795088,156.237946,-0.937976,0.052695,-0.054580,-0.337466,-0.005696,0.006107,11.401075
11.597562,142.724606,236.478933,3765.903842,13.011880,20.786073,155.960786,-0.888994,0.045610,-0.060734,-0.450951,-0.004031,0.007368,11.382069
11.619346,143.008001,236.931631,3769.298217,13.007175,20.777080,155.683874,-0.826460,0.037826,-0.065964,-0.557330,-0.002098,0.008180,11.363083
11.641129,143.291293,237.384134,3772.686562,13.002487,20.768110,155.407209,-0.751397,0.029461,-0.070195,-0.655012,-0.000017,0.008491,11.344115
11.662913,143.574483,237.836441,3776.068884,12.997815,20.759164,155.130791,-0.665013,0.020645,-0.073365,-0.742551,0.002082,0.008278,11.325167
11.684697,143.857572,238.288554,3779.445186,12.993160,20.750241,154.854618,-0.568675,0.011511,-0.075429,-0.818668,0.004070,0.007551,11.306237
11.706480,144.140560,238.740472,3782.815475,12.988521,20.741341,154.578690,-0.463894,0.002198,-0.076360,-0.882268,0.005823,0.006355,11.287327
11.728264,144.423446,239.192197,3786.179756,12.983900,20.732466,154.303006,-0.352291,-0.007154,-0.076145,-0.932454,0.007231,0.004761,11.268435
11.750047,144.706233,239.643729,3789.538035,12.979296,20.723615,154.027566,-0.235580,-0.016406,-0.074792,-0.968538,0.008207,0.002866,11.249563
11.771831,144.988919,240.095068,3792.890315,12.974709,20.714788,153.752367,-0.115536,-0.025419,-0.072323,-0.990051,0.008691,0.000787,11.230709
11.793615,145.271505,240.546215,3796.236604,12.970139,20.705985,153.477410,0.006031,-0.034061,-0.068778,-0.996744,0.008653,-0.001350,11.211874
11.815398,145.553992,240.997171,3799.576906,12.965586,20.697206,153.202694,0.127304,-0.042204,-0.064213,-0.988592,0.008094,-0.003416,11.193057
11.837182,145.836380,241.447936,3802.911226,12.961050,20.688452,152.928217,0.246484,-0.049730,-0.058697,-0.965790,0.007050,-0.005285,11.174259
11.858966,146.118669,241.898510,3806.239569,12.956530,20.679721,152.653980,0.361819,-0.056531,-0.052315,-0.928750,0.005582,-0.006846,11.155480
11.880749,146.400861,242.348894,3809.561942,12.952027,20.671015,152.379980,0.471629,-0.062507,-0.045161,-0.878089,0.003781,-0.008007,11.136719
11.902533,146.682954,242.799090,3812.878348,12.947541,20.662331,152.106217,0.574329,-0.067575,-0.037342,-0.814620,0.001752,-0.008699,11.117977
11.924316,146.964949,243.249096,3816.188793,12.943054,20.653665,151.832693,0.668449,-0.071662,-0.028975,-0.739337,-0.000371,-0.008877,11.099253
11.946100,147.246847,243.698913,3819.493282,12.938508,20.644994,151.559412,0.752662,-0.074712,-0.020181,-0.653398,-0.002505,-0.008543,11.080552
11.967884,147.528644,244.148541,3822.791822,12.933854,20.636300,151.286379,0.825791,-0.076684,-0.011088,-0.558107,-0.004594,-0.007705,11.061876
11.989667,147.810338,244.597980,3826.084416,12.929086,20.627577,151.013594,0.886832,-0.077553,-0.001829,-0.454892,-0.006539,-0.006347,11.043226
12.011451,148.091928,245.047228,3829.371070,12.924225,20.618832,150.741054,0.934966,-0.077312,0.007467,-0.345284,-0.008181,-0.004467,11.024601
12.033235,148.373411,245.496285,3832.651791,12.919293,20.610070,150.468758,0.969564,-0.075964,0.016666,-0.230893,-0.009346,-0.002121,11.005999
12.055018,148.654785,245.945152,3835.926582,12.914292,20.601292,150.196702,0.990198,-0.073532,0.025640,-0.113385,-0.009882,0.000566,10.987420
12.076802,148.936050,246.393827,3839.195450,12.909224,20.592507,149.924886,0.996644,-0.070052,0.034261,0.005544,-0.009680,0.003415,10.968864
12.098585,149.217204,246.842310,3842.458399,12.904101,20.583721,149.653306,0.988883,-0.065575,0.042411,0.124191,-0.008688,0.006211,10.950332
12.120369,149.498246,247.290603,3845.715434,12.898945,20.574940,149.381961,0.967095,-0.060163,0.049977,0.240873,-0.006918,0.008728,10.931822
12.142153,149.779176,247.738704,3848.966562,12.893772,20.566167,149.110846,0.931662,-0.053893,0.056852,0.353948,-0.004451,0.010740,10.913335
12.163936,150.059992,248.186614,3852.211785,12.888596,20.557406,148.839960,0.883151,-0.046852,0.062942,0.461838,-0.001440,0.012050,10.894869
12.185720,150.340696,248.634334,3855.451111,12.883428,20.548663,148.569301,0.822313,-0.039138,0.068163,0.563055,0.001904,0.012509,10.876425
12.207504,150.621288,249.081863,3858.684543,12.878283,20.539945,148.298866,0.750062,-0.030858,0.072440,0.656212,0.005332,0.012037,10.858002
12.229287,150.901768,249.529203,3861.912086,12.873173,20.531257,148.028653,0.667465,-0.022128,0.075717,0.740049,0.008576,0.010632,10.839600
12.251071,151.182137,249.976354,3865.133746,12.868113,20.522601,147.758659,0.575724,-0.013068,0.077945,0.813449,0.011378,0.008371,10.821219
12.272854,151.462397,250.423317,3868.349526,12.863112,20.513981,147.488882,0.476160,-0.003802,0.079095,0.875445,0.013511,0.005405,10.802858
12.294638,151.742548,250.870092,3871.559432,12.858179,20.505403,147.219322,0.370187,0.005539,0.079151,0.925239,0.014803,0.001943,10.784518
12.316422,152.022593,251.316681,3874.763469,12.853321,20.496868,146.949975,0.259300,0.014829,0.078110,0.962208,0.015149,-0.001763,10.766198
12.338205,152.302533,251.763084,3877.961640,12.848545,20.488379,146.680840,0.145045,0.023938,0.075988,0.985908,0.014522,-0.005447,10.747898
12.359989,152.582369,252.209304,3881.153951,12.843856,20.479937,146.411917,0.029002,0.032741,0.072812,0.996085,0.012974,-0.008848,10.729618
12.381773,152.862105,252.655339,3884.340406,12.839255,20.471544,146.143204,-0.087235,0.041117,0.068628,0.992667,0.010623,-0.011735,10.711357
12.403556,153.141741,253.101193,3887.521010,12.834743,20.463199,145.874700,-0.202088,0.048951,0.063492,0.975772,0.007647,-0.013926,10.693116
12.425340,153.421280,253.546865,3890.695767,12.830320,20.454903,145.606403,-0.314007,0.056135,0.057475,0.945697,0.004260,-0.015297,10.674894
12.447123,153.700723,253.992357,3893.864682,12.825982,20.446654,145.338315,-0.421496,0.062571,0.050661,0.902915,0.000692,-0.015792,10.656691
12.468907,153.980073,254.437670,3897.027759,12.821727,20.438450,145.070434,-0.523133,0.068172,0.043142,0.848067,-0.002826,-0.015420,10.638506
12.490691,154.259331,254.882804,3900.185004,12.817548,20.430290,144.802761,-0.617585,0.072863,0.035022,0.781951,-0.006084,-0.014249,10.620341
12.512474,154.538499,255.327762,3903.336419,12.813439,20.422172,144.535296,-0.703627,0.076580,0.026411,0.705507,-0.008910,-0.012394,10.602194
12.534258,154.817578,255.772542,3906.482010,12.809393,20.414091,144.268038,-0.780157,0.079276,0.017428,0.619806,-0.011173,-0.010004,10.584066
12.558638,155.129821,256.270136,3909.995674,12.804927,20.405087,143.969169,-0.853342,0.081038,0.007082,0.514376,-0.012938,-0.006901,10.563798
12.583019,155.441956,256.767510,3913.502055,12.800517,20.396122,143.670561,-0.912268,0.081450,-0.003403,0.400640,-0.013850,-0.003574,10.543554
12.607399,155.753984,257.264666,3917.001158,12.796147,20.387191,143.372215,-0.956046,0.080509,-0.013852,0.280521,-0.013931,-0.000244,10.523332
12.631779,156.065906,257.761604,3920.492991,12.791806,20.378287,143.074133,-0.984043,0.078233,-0.024091,0.156029,-0.013248,0.002898,10.503132
12.656160,156.377722,258.258326,3923.977560,12.787479,20.369407,142.776315,-0.995894,0.074664,-0.033950,0.029227,-0.011905,0.005702,10.482955
12.680540,156.689433,258.754832,3927.454871,12.783153,20.360544,142.478761,-0.991496,0.069865,-0.043268,-0.097806,-0.010024,0.008055,10.462801
12.704921,157.001038,259.251121,3930.924931,12.778816,20.351695,142.181472,-0.971016,0.063919,-0.051894,-0.223006,-0.007732,0.009883,10.442668
12.729301,157.312537,259.747195,3934.387746,12.774457,20.342854,141.884449,-0.934877,0.056926,-0.059690,-0.344357,-0.005155,0.011137,10.422557
12.753681,157.623929,260.243054,3937.843322,12.770065,20.334018,141.587692,-0.883752,0.049004,-0.066532,-0.459928,-0.002413,0.011793,10.402468
12.778062,157.935214,260.738697,3941.291667,12.765632,20.325183,141.291201,-0.818549,0.040283,-0.072312,-0.567895,0.000377,0.011841,10.382401
12.802442,158.246391,261.234125,3944.732787,12.761150,20.316347,140.994976,-0.740390,0.030905,-0.076943,-0.666576,0.003102,0.011285,10.362356
12.826822,158.557457,261.729337,3948.166688,12.756614,20.307506,140.699018,-0.650597,0.021023,-0.080354,-0.754454,0.005646,0.010142,10.342332
12.851203,158.868412,262.224333,3951.593376,12.752020,20.298660,140.403325,-0.550660,0.010794,-0.082495,-0.830196,0.007892,0.008446,10.322329
12.875583,159.179254,262.719114,3955.012859,12.747366,20.289808,140.107897,-0.442220,0.000381,-0.083337,-0.892675,0.009719,0.006254,10.302348
12.899963,159.489982,263.213679,3958.425142,12.742652,20.280950,139.812734,-0.327032,-0.010052,-0.082870,-0.940985,0.011012,0.003654,10.282388
12.924344,159.800595,263.708028,3961.830232,12.737880,20.272085,139.517834,-0.206942,-0.020344,-0.081106,-0.974450,0.011667,0.000761,10.262449
12.948724,160.111090,264.202161,3965.228136,12.733051,20.263216,139.223197,-0.083856,-0.030334,-0.078075,-0.992633,0.011604,-0.002274,10.242531
12.973105,160.421467,264.696077,3968.618860,12.728171,20.254343,138.928819,0.040293,-0.039869,-0.073827,-0.995341,0.010777,-0.005272,10.222634
12.997485,160.731725,265.189778,3972.002409,12.723245,20.245470,138.634701,0.163575,-0.048804,-0.068430,-0.982621,0.009189,-0.008037,10.202758
13.021865,161.041862,265.683261,3975.378791,12.718279,20.236598,138.340839,0.284090,-0.057003,-0.061970,-0.954761,0.006897,-0.010369,10.182902
13.046246,161.351877,266.176529,3978.748012,12.713282,20.227731,138.047232,0.400001,-0.064343,-0.054547,-0.912276,0.004015,-0.012078,10.163067
13.070626,161.661771,266.669580,3982.110077,12.708261,20.218872,137.753878,0.509557,-0.070714,-0.046274,-0.855904,0.000711,-0.013008,10.143253
13.095006,161.971541,267.162416,3985.464994,12.703226,20.210024,137.460775,0.611125,-0.076020,-0.037280,-0.786587,-0.002798,-0.013049,10.123460
13.119387,162.281189,267.655036,3988.812767,12.698184,20.201190,137.167920,0.703206,-0.080183,-0.027699,-0.705454,-0.006270,-0.012155,10.103686
13.143767,162.590714,268.147441,3992.153404,12.693146,20.192375,136.875313,0.784461,-0.083142,-0.017678,-0.613803,-0.009449,-0.010350,10.083933
13.168147,162.900116,268.639631,3995.486910,12.688119,20.183581,136.582951,0.853728,-0.084854,-0.007366,-0.513080,-0.012092,-0.007730,10.064201
13.192528,163.209396,269.131607,3998.813291,12.683113,20.174811,136.290831,0.910037,-0.085293,0.003081,-0.404851,-0.013987,-0.004459,10.044488
13.216908,163.518554,269.623370,4002.132553,12.678134,20.166070,135.998953,0.952621,-0.084455,0.013508,-0.290780,-0.014976,-0.000756,10.024796
13.241289,163.827592,270.114920,4005.444701,12.673191,20.157359,135.707313,0.980926,-0.082352,0.023759,-0.172603,-0.014968,0.003120,10.005124
13.265669,164.136509,270.606258,4008.749743,12.668289,20.148681,135.415911,0.994616,-0.079017,0.033683,-0.052099,-0.013946,0.006897,9.985472
13.290049,164.445307,271.097385,4012.047682,12.663433,20.140038,135.124744,0.993574,-0.074501,0.043133,0.068935,-0.011972,0.010306,9.965839
13.314430,164.753987,271.588301,4015.338526,12.658629,20.131433,134.833810,0.977903,-0.068870,0.051969,0.188713,-0.009177,0.013108,9.946227
13.338810,165.062551,272.079008,4018.622279,12.653879,20.122865,134.543109,0.947920,-0.062209,0.060062,0.305484,-0.005754,0.015110,9.926634
13.363190,165.371000,272.569507,4021.898948,12.649187,20.114337,134.252640,0.904147,-0.054615,0.067293,0.417558,-0.001936,0.016182,9.907061
13.387571,165.679335,273.059799,4025.168538,12.644552,20.105849,133.962401,0.847305,-0.046202,0.073558,0.523332,0.002020,0.016262,9.887508
13.411951,165.987558,273.549883,4028.431055,12.639975,20.097400,133.672391,0.778294,-0.037092,0.078765,0.621309,0.005853,0.015360,9.867975
13.436331,166.295670,274.039763,4031.686504,12.635455,20.088991,133.382610,0.698185,-0.027420,0.082839,0.710119,0.009323,0.013553,9.848461
13.460712,166.603673,274.529438,4034.934891,12.630991,20.080620,133.093057,0.608196,-0.017326,0.085724,0.788539,0.012223,0.010976,9.828967
13.485092,166.911567,275.018909,4038.176221,12.626579,20.072287,132.803732,0.509675,-0.006957,0.087379,0.855507,0.014391,0.007807,9.809492
13.509473,167.219355,275.508177,4041.410500,12.622217,20.063989,132.514634,0.404080,0.003537,0.087781,0.910134,0.015722,0.004254,9.790036
13.533853,167.527036,275.997244,4044.637733,12.617899,20.055724,132.225763,0.292956,0.014005,0.086927,0.951717,0.016169,0.000535,9.770600
13.558233,167.834613,276.486109,4047.857926,12.613621,20.047492,131.937119,0.177908,0.024298,0.084831,0.979746,0.015738,-0.003134,9.751183
13.582614,168.142086,276.974775,4051.071085,12.609377,20.039289,131.648702,0.060584,0.034268,0.081526,0.993906,0.014488,-0.006554,9.731786
13.606994,168.449456,277.463240,4054.277215,12.605163,20.031114,131.360511,-0.057355,0.043775,0.077061,0.994080,0.012517,-0.009551,9.712407
13.631374,168.756723,277.951507,4057.476322,12.600972,20.022964,131.072546,-0.174254,0.052686,0.071502,0.980349,0.009955,-0.011988,9.693048
13.655755,169.063888,278.439575,4060.668411,12.596797,20.014836,130.784809,-0.288489,0.060877,0.064929,0.952989,0.006954,-0.013762,9.673708
13.680135,169.370952,278.927445,4063.853487,12.592635,20.006729,130.497298,-0.398491,0.068235,0.057436,0.912461,0.003678,-0.014809,9.654387
13.704516,169.677914,279.415118,4067.031556,12.588478,19.998639,130.210013,-0.502763,0.074659,0.049131,0.859405,0.000292,-0.015104,9.635085
13.728896,169.984775,279.902593,4070.202624,12.584321,19.990565,129.922956,-0.599903,0.080062,0.040130,0.794625,-0.003041,-0.014653,9.615802
13.753276,170.291535,280.389872,4073.366697,12.580161,19.982505,129.636125,-0.688622,0.084374,0.030560,0.719083,-0.006167,-0.013497,9.596538
13.777657,170.598193,280.876955,4076.523779,12.575991,19.974457,129.349520,-0.767757,0.087536,0.020553,0.633874,-0.008948,-0.011701,9.577292
13.804589,170.936834,281.414798,4080.003230,12.571369,19.965578,129.033177,-0.842814,0.089647,0.009157,0.529976,-0.011474,-0.009082,9.556054
13.831522,171.275351,281.952403,4083.474164,12.566727,19.956710,128.717109,-0.903781,0.090277,-0.002413,0.417557,-0.013296,-0.005942,9.534839
13.858454,171.613742,282.489768,4086.936590,12.562061,19.947850,128.401316,-0.949747,0.089420,-0.013967,0.298524,-0.014312,-0.002457,9.513647
13.885387,171.952007,283.026895,4090.390515,12.557369,19.938998,128.085798,-0.980061,0.087094,-0.025315,0.174871,-0.014461,0.001181,9.492477
13.912319,172.290146,283.563784,4093.835945,12.552648,19.930154,127.770554,-0.994332,0.083342,-0.036272,0.048646,-0.013723,0.004766,9.471330
13.939252,172.628156,284.100435,4097.272889,12.547898,19.921316,127.455582,-0.992436,0.078228,-0.046662,-0.078084,-0.012124,0.008089,9.450206
13.966184,172.966039,284.636848,4100.701354,12.543120,19.912484,127.140882,-0.974511,0.071839,-0.056320,-0.203267,-0.009739,0.010946,9.429104
13.993117,173.303792,285.173023,4104.121346,12.538314,19.903661,126.826452,-0.940953,0.064279,-0.065091,-0.324898,-0.006691,0.013152,9.408025
14.020050,173.641416,285.708960,4107.532874,12.533484,19.894845,126.512292,-0.892406,0.055674,-0.072838,-0.441051,-0.003150,0.014550,9.386969
14.046982,173.978909,286.244660,4110.935944,12.528631,19.886039,126.198399,-0.829743,0.046162,-0.079441,-0.549910,0.000675,0.015027,9.365934
14.073915,174.316272,286.780123,4114.330564,12.523759,19.877244,125.884772,-0.754056,0.035895,-0.084798,-0.649797,0.004549,0.014523,9.344923
14.100847,174.653503,287.315350,4117.716741,12.518873,19.868460,125.571410,-0.666629,0.025038,-0.088826,-0.739191,0.008220,0.013039,9.323933
14.127780,174.990602,287.850340,4121.094482,12.513976,19.859691,125.258311,-0.568917,0.013760,-0.091466,-0.816756,0.011439,0.010644,9.302966
14.154712,175.327569,288.385094,4124.463793,12.509075,19.850938,124.945474,-0.462521,0.002239,-0.092679,-0.881358,0.013978,0.007468,9.282021
14.181645,175.664404,288.919613,4127.824683,12.504172,19.842203,124.632895,-0.349159,-0.009346,-0.092449,-0.932075,0.015647,0.003705,9.261098
14.208577,176.001107,289.453896,4131.177157,12.499275,19.833488,124.320574,-0.230639,-0.020815,-0.090781,-0.968215,0.016310,-0.000409,9.240197
14.235510,176.337679,289.987945,4134.521224,12.494386,19.824795,124.008508,-0.108828,-0.031991,-0.087704,-0.989317,0.015899,-0.004602,9.219318
14.262442,176.674119,290.521761,4137.856889,12.489513,19.816126,123.696696,0.014376,-0.042705,-0.083268,-0.995160,0.014418,-0.008592,9.198462
14.289375,177.010428,291.055343,4141.184159,12.484658,19.807484,123.385137,0.137078,-0.052792,-0.077541,-0.985756,0.011950,-0.012107,9.177627
14.316307,177.346606,291.588693,4144.503042,12.479826,19.798869,123.073828,0.257409,-0.062099,-0.070614,-0.961354,0.008643,-0.014902,9.156814
14.343240,177.682655,292.121811,4147.813544,12.475021,19.790283,122.762769,0.373558,-0.070487,-0.062592,-0.922427,0.004710,-0.016782,9.136023
14.370173,178.018575,292.654698,4151.115672,12.470247,19.781728,122.451956,0.483799,-0.077830,-0.053599,-0.869661,0.000407,-0.017614,9.115254
14.397105,178.354366,293.187356,4154.409432,12.465506,19.773205,122.141391,0.586513,-0.084019,-0.043772,-0.803945,-0.003987,-0.017336,9.094506
14.424038,178.690030,293.719784,4157.694830,12.460800,19.764715,121.831069,0.680214,-0.088963,-0.033258,-0.726352,-0.008183,-0.015963,9.073780
14.450970,179.025569,294.251984,4160.971875,12.456131,19.756258,121.520992,0.763567,-0.092588,-0.022218,-0.638121,-0.011912,-0.013584,9.053076
14.477903,179.360981,294.783957,4164.240571,12.451499,19.747835,121.211156,0.835405,-0.094844,-0.010814,-0.540633,-0.014938,-0.010354,9.032394
14.504835,179.696270,295.315703,4167.500927,12.446907,19.739446,120.901562,0.894746,-0.095699,0.000782,-0.435392,-0.017073,-0.006480,9.011733
14.531768,180.031435,295.847224,4170.752947,12.442352,19.731090,120.592207,0.940805,-0.095142,0.012399,-0.324000,-0.018193,-0.002209,8.991093
14.558700,180.366479,296.378521,4173.996639,12.437835,19.722768,120.283092,0.972997,-0.093184,0.023867,-0.208128,-0.018240,0.002194,8.970475
14.585633,180.701401,296.909593,4177.232008,12.433354,19.714478,119.974216,0.990950,-0.089855,0.035017,-0.089498,-0.017224,0.006463,8.949879
14.612565,181.036203,297.440443,4180.459062,12.428908,19.706221,119.665577,0.994502,-0.085207,0.045687,0.030153,-0.015222,0.010346,8.929303
14.639498,181.370885,297.971071,4183.677807,12.424494,19.697994,119.357176,0.983701,-0.079310,0.055723,0.149089,-0.012366,0.013624,8.908749
14.666431,181.705449,298.501477,4186.888249,12.420110,19.689797,119.049012,0.958801,-0.072252,0.064981,0.265606,-0.008833,0.016118,8.888217
14.693363,182.039896,299.031664,4190.090395,12.415753,19.681628,118.741083,0.920257,-0.064135,0.073330,0.378055,-0.004835,0.017701,8.867706
14.720296,182.374225,299.561630,4193.284250,12.411421,19.673487,118.433391,0.868711,-0.055080,0.080651,0.484861,-0.000602,0.018301,8.847215
14.747228,182.708438,300.091378,4196.469822,12.407109,19.665372,118.125934,0.804986,-0.045217,0.086843,0.584550,0.003630,0.017903,8.826747
14.774161,183.042535,300.620907,4199.647116,12.402814,19.657282,117.818712,0.730063,-0.034687,0.091820,0.675765,0.007633,0.016545,8.806299
14.801093,183.376517,301.150219,4202.816139,12.398534,19.649214,117.511724,0.645075,-0.023641,0.095515,0.757285,0.011198,0.014314,8.785872
14.828026,183.710384,301.679314,4205.976897,12.394265,19.641169,117.204971,0.551279,-0.012236,0.097878,0.828037,0.014144,0.011341,8.765466
14.854958,184.044135,302.208193,4209.129397,12.390005,19.633144,116.898450,0.450041,-0.000631,0.098881,0.887112,0.016325,0.007790,8.745082
14.881891,184.377772,302.736855,4212.273645,12.385749,19.625137,116.592163,0.342816,0.011011,0.098511,0.933774,0.017640,0.003850,8.724718
14.908823,184.711295,303.265303,4215.409646,12.381496,19.617149,116.286109,0.231124,0.022529,0.096778,0.967465,0.018028,-0.000274,8.704375
14.935756,185.044703,303.793535,4218.537408,12.377244,19.609178,115.980287,0.116528,0.033766,0.093710,0.987816,0.017477,-0.004373,8.684053
14.962689,185.377996,304.321553,4221.656936,12.372989,19.601223,115.674697,0.000615,0.044567,0.089350,0.994640,0.016017,-0.008239,8.663752
14.989621,185.711175,304.849357,4224.768238,12.368731,19.593282,115.369337,-0.115031,0.054788,0.083763,0.987941,0.013725,-0.011678,8.643472
15.016554,186.044239,305.376947,4227.871318,12.364467,19.585357,115.064209,-0.228847,0.064291,0.077026,0.967905,0.010716,-0.014517,8.623212
15.043486,186.377188,305.904324,4230.966183,12.360197,19.577445,114.759310,-0.339313,0.072949,0.069234,0.934895,0.007138,-0.016612,8.602973
15.070419,186.710022,306.431488,4234.052840,12.355920,19.569546,114.454641,-0.444972,0.080650,0.060493,0.889445,0.003170,-0.017853,8.582755
15.097351,187.042741,306.958439,4237.131295,12.351635,19.561661,114.150199,-0.544447,0.087291,0.050923,0.832249,-0.000991,-0.018171,8.562558
15.124284,187.375344,307.485179,4240.201553,12.347343,19.553789,113.845985,-0.636463,0.092789,0.040652,0.764151,-0.005136,-0.017542,8.542381
15.151216,187.707831,308.011706,4243.263621,12.343044,19.545931,113.541997,-0.719854,0.097072,0.029817,0.686128,-0.009052,-0.015988,8.522225
15.181358,188.079804,308.600729,4246.680889,12.338224,19.537151,113.202050,-0.801685,0.100361,0.017200,0.588392,-0.012914,-0.013239,8.499691
15.211501,188.451631,309.189487,4250.087915,12.333398,19.528390,112.862384,-0.870175,0.102014,0.004266,0.481290,-0.015980,-0.009579,8.477183
15.241643,188.823312,309.777982,4253.484707,12.328566,19.519646,112.522998,-0.924316,0.102006,-0.008776,0.366642,-0.018039,-0.005233,8.454700
15.271785,189.194848,310.366213,4256.871273,12.323730,19.510921,112.183889,-0.963343,0.100343,-0.021713,0.246367,-0.018941,-0.000472,8.432243
15.301927,189.566238,310.954182,4260.247622,12.318894,19.502216,111.845057,-0.986749,0.097055,-0.034338,0.122448,-0.018609,0.004401,8.409812
15.332069,189.937482,311.541888,4263.613762,12.314059,19.493531,111.506500,-0.994282,0.092199,-0.046450,-0.003096,-0.017044,0.009068,8.387406
15.362211,190.308581,312.129333,4266.969702,12.309229,19.484869,111.168216,-0.985950,0.085855,-0.057855,-0.128250,-0.014330,0.013220,8.365026
15.392353,190.679534,312.716517,4270.315449,12.304405,19.476230,110.830203,-0.962011,0.078126,-0.068377,-0.251031,-0.010628,0.016578,8.342671
15.422495,191.050342,313.303442,4273.651011,12.299591,19.467615,110.492460,-0.922971,0.069139,-0.077850,-0.369519,-0.006166,0.018910,8.320341
15.452637,191.421005,313.890107,4276.976398,12.294789,19.459026,110.154984,-0.869562,0.059035,-0.086128,-0.481889,-0.001226,0.020051,8.298037
15.482779,191.791523,314.476513,4280.291616,12.290002,19.450463,109.817775,-0.802736,0.047976,-0.093084,-0.586435,0.003874,0.019911,8.275758
15.512921,192.161898,315.062662,4283.596674,12.285233,19.441928,109.480831,-0.723638,0.036134,-0.098614,-0.681596,0.008805,0.018487,8.253504
15.543063,192.532128,315.648554,4286.891579,12.280484,19.433421,109.144149,-0.633591,0.023694,-0.102634,-0.765978,0.013247,0.015860,8.231276
15.573206,192.902217,316.234190,4290.176341,12.275756,19.424944,108.807730,-0.534066,0.010848,-0.105085,-0.838371,0.016909,0.012189,8.209072
15.603348,193.272162,316.819571,4293.450966,12.271052,19.416497,108.471570,-0.426663,-0.002206,-0.105934,-0.897766,0.019553,0.007703,8.186894
15.633490,193.641967,317.404698,4296.715462,12.266374,19.408081,108.135669,-0.313077,-0.015270,-0.105170,-0.943366,0.021007,0.002683,8.164741
15.663632,194.011631,317.989571,4299.969837,12.261721,19.399696,107.800025,-0.195078,-0.028145,-0.102808,-0.974594,0.021176,-0.002556,8.142613
15.693774,194.381155,318.574193,4303.214099,12.257097,19.391343,107.464638,-0.074475,-0.040638,-0.098886,-0.991097,0.020047,-0.007687,8.120510
15.723916,194.750540,319.158563,4306.448256,12.252500,19.383021,107.129505,0.046905,-0.052563,-0.093467,-0.992748,0.017690,-0.012394,8.098432
15.754058,195.119787,319.742682,4309.672315,12.247931,19.374730,106.794625,0.167252,-0.063743,-0.086633,-0.979645,0.014252,-0.016387,8.076379
15.784200,195.488897,320.326552,4312.886284,12.243389,19.366471,106.459998,0.284792,-0.074013,-0.078490,-0.952103,0.009943,-0.019429,8.054351
15.814342,195.857870,320.910174,4316.090170,12.238876,19.358243,106.125621,0.397819,-0.083223,-0.069161,-0.910645,0.005024,-0.021338,8.032347
15.844484,196.226707,321.493548,4319.283982,12.234388,19.350047,105.791495,0.504716,-0.091241,-0.058784,-0.855993,-0.000209,-0.022008,8.010369
15.874626,196.595410,322.076676,4322.467725,12.229927,19.341880,105.457619,0.603977,-0.097952,-0.047514,-0.789051,-0.005449,-0.021404,7.988415
15.904768,196.963979,322.659558,4325.641409,12.225489,19.333743,105.123991,0.694228,-0.103262,-0.035515,-0.710890,-0.010390,-0.019570,7.966486
15.934911,197.332414,323.242195,4328.805040,12.221075,19.325636,104.790610,0.774244,-0.107096,-0.022964,-0.622727,-0.014752,-0.016617,7.944582
15.965053,197.700716,323.824588,4331.958627,12.216683,19.317557,104.457477,0.842965,-0.109403,-0.010042,-0.525908,-0.018289,-0.012721,7.922703
15.995195,198.068887,324.406738,4335.102175,12.212311,19.309507,104.124589,0.899505,-0.110154,0.003066,-0.421883,-0.020809,-0.008107,7.900848
16.025337,198.436925,324.988646,4338.235693,12.207957,19.301483,103.791946,0.943165,-0.109342,0.016174,-0.312186,-0.022176,-0.003035,7.879018
16.055479,198.804833,325.570312,4341.359189,12.203619,19.293485,103.459548,0.973436,-0.106981,0.029095,-0.198408,-0.022323,0.002211,7.857213
16.085621,199.172611,326.151738,4344.472669,12.199296,19.285513,103.127392,0.990008,-0.103109,0.041649,-0.082178,-0.021249,0.007345,7.835432
16.115763,199.540258,326.732924,4347.576140,12.194987,19.277565,102.795480,0.992762,-0.097783,0.053662,0.034866,-0.019016,0.012089,7.813676
16.145905,199.907775,327.313870,4350.669611,12.190689,19.269641,102.463809,0.981777,-0.091081,0.064967,0.151094,-0.015751,0.016189,7.791944
16.176047,200.275163,327.894578,4353.753089,12.186400,19.261741,102.132380,0.957319,-0.083099,0.075411,0.264914,-0.011630,0.019430,7.770237
16.206189,200.642422,328.475048,4356.826579,12.182121,19.253862,101.801191,0.919836,-0.073950,0.084853,0.374785,-0.006874,0.021641,7.748555
16.236331,201.009553,329.055281,4359.890091,12.177848,19.246006,101.470242,0.869948,-0.063761,0.093166,0.479244,-0.001734,0.022708,7.726897
16.266473,201.376554,329.635278,4362.943631,12.173581,19.238170,101.139532,0.808436,-0.052674,0.100240,0.576922,0.003520,0.022576,7.705263
16.296616,201.743427,330.215039,4365.987206,12.169320,19.230356,100.809059,0.736225,-0.040839,0.105983,0.666559,0.008614,0.021251,7.683654
16.326758,202.110171,330.794564,4369.020824,12.165062,19.222561,100.478824,0.654375,-0.028418,0.110321,0.747023,0.013285,0.018801,7.662069
16.356900,202.476788,331.373855,4372.044491,12.160808,19.214786,100.148825,0.564056,-0.015578,0.113201,0.817319,0.017289,0.015348,7.640509
16.387042,202.843276,331.952912,4375.058215,12.156557,19.207030,99.819061,0.466538,-0.002490,0.114588,0.876603,0.020419,0.011069,7.618973
16.417184,203.209636,332.531735,4378.062003,12.152309,19.199294,99.489531,0.363165,0.010674,0.114467,0.924186,0.022509,0.006179,7.597461
16.447326,203.575867,333.110326,4381.055861,12.148063,19.191576,99.160235,0.255343,0.023740,0.112843,0.959545,0.023448,0.000925,7.575974
16.477468,203.941971,333.688684,4384.039797,12.143820,19.183878,98.831170,0.144513,0.036540,0.109742,0.982324,0.023181,-0.004426,7.554511
16.507610,204.307948,334.266810,4387.013819,12.139579,19.176199,98.502337,0.032137,0.048908,0.105207,0.992335,0.021713,-0.009601,7.533072
16.537752,204.673796,334.844705,4389.977931,12.135342,19.168540,98.173734,-0.080326,0.060685,0.099301,0.989559,0.019112,-0.014335,7.511658
16.567894,205.039517,335.422370,4392.932143,12.131108,19.160900,97.845360,-0.191433,0.071724,0.092101,0.974140,0.015501,-0.018385,7.490268
16.598036,205.405110,335.999804,4395.876460,12.126879,19.153279,97.517214,-0.299782,0.081885,0.083702,0.946383,0.011056,-0.021541,7.468902
16.631618,205.812267,336.642853,4399.145076,12.122173,19.144813,97.151894,-0.415599,0.092018,0.073068,0.901493,0.005388,-0.023800,7.445127
16.665199,206.219266,337.285618,4402.401429,12.117474,19.136372,96.786853,-0.524563,0.100751,0.061251,0.842704,-0.000695,-0.024590,7.421382
16.698780,206.626107,337.928100,4405.645528,12.112784,19.127956,96.422091,-0.625047,0.107951,0.048437,0.771060,-0.006819,-0.023847,7.397667
16.732361,207.032791,338.570300,4408.877382,12.108103,19.119567,96.057604,-0.715586,0.113513,0.034826,0.687789,-0.012601,-0.021604,7.373982
16.765943,207.439318,339.212219,4412.097002,12.103434,19.111205,95.693392,-0.794890,0.117354,0.020628,0.594279,-0.017680,-0.017988,7.350327
16.799524,207.845688,339.853857,4415.304395,12.098777,19.102870,95.329454,-0.861858,0.119422,0.006060,0.492052,-0.021738,-0.013210,7.326702
16.833105,208.251902,340.495216,4418.499571,12.094134,19.094563,94.965787,-0.915600,0.119688,-0.008657,0.382737,-0.024515,-0.007555,7.303107
16.866686,208.657961,341.136297,4421.682539,12.089507,19.086285,94.602390,-0.955436,0.118154,-0.023302,0.268046,-0.025834,-0.001361,7.279543
16.900268,209.063864,341.777099,4424.853309,12.084896,19.078036,94.239261,-0.980907,0.114846,-0.037657,0.149743,-0.025603,0.004998,7.256008
16.933849,209.469613,342.417626,4428.011888,12.080303,19.069816,93.876399,-0.991775,0.109818,-0.051510,0.029617,-0.023826,0.011138,7.232503
16.967430,209.875208,343.057877,4431.158287,12.075729,19.061625,93.513802,-0.988023,0.103148,-0.064658,-0.090543,-0.020602,0.016690,7.209028
17.001012,210.280649,343.697853,4434.292514,12.071174,19.053465,93.151468,-0.969848,0.094937,-0.076911,-0.208979,-0.016115,0.021319,7.185583
17.034593,210.685938,344.337556,4437.414577,12.066640,19.045335,92.789397,-0.937657,0.085308,-0.088092,-0.323985,-0.010626,0.024746,7.162168
17.068174,211.091076,344.976986,4440.524486,12.062128,19.037235,92.427585,-0.892053,0.074404,-0.098042,-0.433932,-0.004452,0.026766,7.138783
17.101755,211.496062,345.616145,4443.622249,12.057636,19.029166,92.066033,-0.833822,0.062384,-0.106622,-0.537292,0.002047,0.027257,7.115428
17.135337,211.900897,346.255033,4446.707876,12.053167,19.021128,91.704738,-0.763920,0.049422,-0.113712,-0.632656,0.008498,0.026184,7.092103
17.168918,212.305583,346.893652,4449.781373,12.048719,19.013120,91.343700,-0.683453,0.035704,-0.119216,-0.718752,0.014528,0.023606,7.068808
17.202499,212.710120,347.532002,4452.842751,12.044294,19.005144,90.982917,-0.593658,0.021425,-0.123059,-0.794460,0.019796,0.019668,7.045542
17.236080,213.114508,348.170085,4455.892018,12.039890,18.997198,90.622388,-0.495884,0.006786,-0.125193,-0.858824,0.024001,0.014588,7.022307
17.269662,213.518749,348.807902,4458.929182,12.035508,18.989282,90.262112,-0.391568,-0.008008,-0.125590,-0.911063,0.026908,0.008651,6.999102
17.303243,213.922843,349.445454,4461.954252,12.031147,18.981397,89.902086,-0.282215,-0.022753,-0.124251,-0.950576,0.028355,0.002185,6.975927
17.336824,214.326792,350.082741,4464.967235,12.026807,18.973542,89.542310,-0.169376,-0.037247,-0.121197,-0.976950,0.028261,-0.004456,6.952781
17.370405,214.730594,350.719765,4467.968141,12.022488,18.965717,89.182783,-0.054622,-0.051293,-0.116475,-0.989957,0.026631,-0.010908,6.929666
17.403987,215.134252,351.356527,4470.956978,12.018187,18.957921,88.823504,0.060475,-0.064702,-0.110153,-0.989554,0.023553,-0.016825,6.906581
17.437568,215.537766,351.993027,4473.933754,12.013890,18.950161,88.464472,0.174364,-0.077295,-0.102319,-0.975883,0.019222,-0.021863,6.883525
17.471149,215.941134,352.629268,4476.898478,12.009500,18.942479,88.105687,0.285538,-0.088905,-0.093082,-0.949259,0.013815,-0.025798,6.860501
17.504730,216.344352,353.265253,4479.851157,12.004922,18.934916,87.747149,0.392548,-0.099383,-0.082568,-0.910167,0.007495,-0.028458,6.837509
17.538312,216.747413,353.900986,4482.791800,12.000128,18.927484,87.388858,0.494027,-0.108594,-0.070915,-0.859247,0.000508,-0.029632,6.814548
17.565978,217.079361,354.424564,4485.205481,11.996046,18.921445,87.093857,0.572575,-0.115150,-0.060566,-0.808963,-0.005482,-0.029319,6.795656
17.593645,217.411194,354.947975,4487.611002,11.991858,18.915477,86.799020,0.645847,-0.120709,-0.049638,-0.751690,-0.011406,-0.027775,6.776785
17.621312,217.742910,355.471222,4490.008369,11.987566,18.909578,86.504349,0.713244,-0.125224,-0.038225,-0.687991,-0.017000,-0.025012,6.757936
17.648978,218.074506,355.994307,4492.397585,11.983172,18.903745,86.209842,0.774225,-0.128655,-0.026428,-0.618477,-0.022004,-0.021107,6.739108
17.676645,218.405979,356.517232,4494.778655,11.978685,18.897974,85.915500,0.828316,-0.130975,-0.014348,-0.543803,-0.026180,-0.016185,6.720302
17.704312,218.737327,357.039997,4497.151584,11.974121,18.892259,85.621320,0.875107,-0.132161,-0.002088,-0.464657,-0.029308,-0.010420,6.701517
17.740681,219.172704,357.726955,4500.258521,11.968023,18.884820,85.234855,0.924948,-0.131980,0.014123,-0.355024,-0.031534,-0.001945,6.676857
17.777050,219.607857,358.413644,4503.351408,11.961837,18.877457,84.848668,0.961007,-0.129823,0.030222,-0.240596,-0.031385,0.006975,6.652234
17.813419,220.042784,359.100066,4506.430254,11.955584,18.870157,84.462759,0.982911,-0.125718,0.045971,-0.123100,-0.028790,0.015658,6.627648
17.849788,220.477483,359.786224,4509.495070,11.949290,18.862909,84.077125,0.990503,-0.119724,0.061137,-0.004277,-0.023881,0.023426,6.603099
17.886157,220.911952,360.472118,4512.545867,11.942983,18.855700,83.691765,0.983833,-0.111925,0.075497,0.114147,-0.016982,0.029668,6.578588
17.922526,221.346192,361.157751,4515.582652,11.936689,18.848519,83.306677,0.963159,-0.102433,0.088838,0.230484,-0.008576,0.033887,6.554113
17.958895,221.780204,361.843124,4518.605438,11.930433,18.841356,82.921858,0.928933,-0.091383,0.100965,0.343104,0.000735,0.035743,6.529676
17.995264,222.213990,362.528236,4521.614233,11.924235,18.834199,82.537307,0.881791,-0.078934,0.111700,0.450464,0.010281,0.035077,6.505277
18.031633,222.647551,363.213087,4524.609047,11.918114,18.827041,82.153022,0.822539,-0.065264,0.120885,0.551123,0.019378,0.031923,6.480914
18.068002,223.080892,363.897678,4527.589889,11.912090,18.819874,81.769001,0.752138,-0.050570,0.128386,0.643760,0.027386,0.026504,6.456589
18.104371,223.514015,364.582009,4530.556770,11.906178,18.812690,81.385241,0.671684,-0.035061,0.134094,0.727192,0.033761,0.019201,6.432301
18.140740,223.946926,365.266077,4533.509699,11.900392,18.805486,81.001742,0.582393,-0.018959,0.137927,0.800383,0.038091,0.010519,6.408050
18.177109,224.379629,365.949883,4536.448685,11.894741,18.798254,80.618501,0.485576,-0.002494,0.139831,0.862458,0.040121,0.001041,6.383837
18.213479,224.812128,366.633426,4539.373737,11.889234,18.790994,80.235517,0.382624,0.014103,0.139780,0.912709,0.039760,-0.008619,6.359661
18.249848,225.244431,367.316704,4542.284866,11.883875,18.783702,79.852786,0.274984,0.030598,0.137775,0.950600,0.037082,-0.017863,6.335522
18.286217,225.676541,367.999716,4545.182079,11.878668,18.776377,79.470308,0.164136,0.046762,0.133848,0.975772,0.032303,-0.026150,6.311421
18.322586,226.108464,368.682461,4548.065387,11.873611,18.769020,79.088079,0.051576,0.062370,0.128055,0.988041,0.025760,-0.033029,6.287358
18.358955,226.540206,369.364938,4550.934798,11.868703,18.761632,78.706099,-0.061206,0.077209,0.120481,0.987395,0.017875,-0.038161,6.263332
18.395324,226.971772,370.047146,4553.790321,11.863939,18.754214,78.324366,-0.172745,0.091080,0.111234,0.973993,0.009118,-0.041330,6.239344
18.431693,227.403168,370.729083,4556.631965,11.859312,18.746771,77.942877,-0.281621,0.103798,0.100443,0.948155,-0.000024,-0.042446,6.215393
18.468062,227.834398,371.410750,4559.459739,11.854814,18.739307,77.561633,-0.386477,0.115197,0.088258,0.910355,-0.009078,-0.041532,6.191480
18.508944,228.318952,372.176690,4562.621905,11.849900,18.730896,77.133363,-0.497954,0.126254,0.073103,0.854357,-0.018616,-0.038241,6.164645
18.549827,228.803309,372.942285,4565.766569,11.845120,18.722470,76.705398,-0.601053,0.135283,0.056656,0.785106,-0.026975,-0.032848,6.137857
18.590710,229.287473,373.707536,4568.893742,11.840457,18.714038,76.277735,-0.694262,0.142148,0.039192,0.703864,-0.033744,-0.025746,6.111117
18.631592,229.771448,374.472443,4572.003438,11.835893,18.705608,75.850374,-0.776259,0.146747,0.021000,0.612055,-0.038634,-0.017389,6.084426
18.672475,230.255238,375.237004,4575.095668,11.831407,18.697189,75.423311,-0.845923,0.149018,0.002374,0.511239,-0.041470,-0.008252,6.057782
18.713357,230.738846,376.001222,4578.170445,11.826980,18.688790,74.996547,-0.902351,0.148940,-0.016389,0.403078,-0.042188,0.001189,6.031187
18.754240,231.222274,376.765098,4581.227781,11.822592,18.680419,74.570079,-0.944862,0.146525,-0.034993,0.289314,-0.040820,0.010480,6.004640
18.795123,231.705523,377.528631,4584.267687,11.818224,18.672084,74.143907,-0.972999,0.141825,-0.053152,0.171734,-0.037477,0.019196,5.978141
18.836005,232.188594,378.291825,4587.290177,11.813858,18.663794,73.718029,-0.986535,0.134925,-0.070593,0.052143,-0.032343,0.026953,5.951692
18.876888,232.671486,379.054681,4590.295262,11.809476,18.655555,73.292445,-0.985464,0.125939,-0.087055,-0.067661,-0.025662,0.033414,5.925290
18.917770,233.154198,379.817201,4593.282953,11.805062,18.647375,72.867153,-0.969998,0.115015,-0.102299,-0.185918,-0.017734,0.038294,5.898938
18.958653,233.636728,380.579388,4596.253264,11.800602,18.639260,72.442152,-0.940556,0.102324,-0.116108,-0.300929,-0.008904,0.041364,5.872635
18.999536,234.119076,381.341245,4599.206205,11.796082,18.631214,72.017441,-0.897749,0.088058,-0.128287,-0.411081,0.000441,0.042461,5.846381
19.040418,234.601237,382.102775,4602.141789,11.791493,18.623243,71.593018,-0.842371,0.072432,-0.138670,-0.514866,0.009880,0.041495,5.820176
19.081301,235.083208,382.863980,4605.060027,11.786824,18.615349,71.168882,-0.775377,0.055674,-0.147117,-0.610900,0.018972,0.038461,5.794020
19.122183,235.564987,383.624864,4607.960931,11.782069,18.607536,70.745032,-0.697864,0.038025,-0.153519,-0.697942,0.027270,0.033446,5.767914
19.163066,236.046570,384.385430,4610.844513,11.777223,18.599804,70.321467,-0.611055,0.019734,-0.157794,-0.774902,0.034340,0.026635,5.741858
19.203949,236.527953,385.145682,4613.710785,11.772282,18.592155,69.898185,-0.516274,0.001056,-0.159892,-0.840859,0.039786,0.018309,5.715852
19.244831,237.009132,385.905622,4616.559757,11.767247,18.584589,69.475185,-0.414925,-0.017754,-0.159792,-0.895062,0.043273,0.008845,5.689896
19.285714,237.490103,386.665256,4619.391442,11.762116,18.577104,69.052464,-0.308472,-0.036441,-0.157503,-0.936940,0.044552,-0.001304,5.663990
19.326597,237.970863,387.424584,4622.205850,11.756893,18.569701,68.630022,-0.198414,-0.054755,-0.153061,-0.966101,0.043479,-0.011621,5.638135
19.367479,238.451407,388.183612,4625.002994,11.751581,18.562375,68.207856,-0.086265,-0.072454,-0.146531,-0.982335,0.040034,-0.021560,5.612330
19.408362,238.931732,388.942342,4627.782883,11.746185,18.555125,67.785964,0.026469,-0.089308,-0.138003,-0.985608,0.034328,-0.030570,5.586576
19.449244,239.411835,389.700777,4630.545531,11.740712,18.547947,67.364345,0.138308,-0.105097,-0.127592,-0.976058,0.026604,-0.038128,5.560873
19.490127,239.891713,390.458920,4633.290947,11.735169,18.540837,66.942996,0.247816,-0.119621,-0.115436,-0.953989,0.017227,-0.043780,5.535222
19.531010,240.371363,391.216773,4636.019143,11.729564,18.533792,66.521916,0.353622,-0.132694,-0.101694,-0.919861,0.006671,-0.047162,5.509622
19.571892,240.850783,391.974340,4638.730129,11.723906,18.526808,66.101103,0.454436,-0.144152,-0.086542,-0.874277,-0.004512,-0.048033,5.484073
19.612775,241.329970,392.731622,4641.423917,11.718204,18.519880,65.680554,0.549059,-0.153853,-0.070172,-0.817973,-0.015721,-0.046287,5.458577
19.653657,241.808924,393.488622,4644.100517,11.712469,18.513003,65.260268,0.636398,-0.161677,-0.052792,-0.751805,-0.026342,-0.041966,5.433132
19.694540,242.287642,394.245342,4646.759940,11.706710,18.506172,64.840241,0.715480,-0.167527,-0.034617,-0.676730,-0.035784,-0.035258,5.407740
19.735423,242.766125,395.001784,4649.402197,11.700936,18.499384,64.420473,0.785454,-0.171332,-0.015873,-0.593796,-0.043516,-0.026487,5.382400
19.776305,243.244372,395.757949,4652.027297,11.695158,18.492634,64.000961,0.845603,-0.173049,0.003212,-0.504120,-0.049097,-0.016094,5.357113
19.817188,243.722382,396.513839,4654.635252,11.689386,18.485917,63.581702,0.895347,-0.172656,0.022405,-0.408876,-0.052204,-0.004613,5.331880
19.862613,244.253229,397.353396,4657.512888,11.682989,18.478488,63.116153,0.937880,-0.169753,0.043576,-0.297998,-0.052526,0.008698,5.303905
19.908038,244.783787,398.192617,4660.369383,11.676621,18.471090,62.650912,0.966622,-0.164298,0.064282,-0.183444,-0.049507,0.021773,5.275996
19.953463,245.314055,399.031502,4663.204752,11.670293,18.463718,62.185975,0.981382,-0.156372,0.084221,-0.066921,-0.043314,0.033783,5.248153
19.998889,245.844038,399.870053,4666.019007,11.664014,18.456367,61.721341,0.982177,-0.146092,0.103105,0.049883,-0.034313,0.043974,5.220378
20.044314,246.373736,400.708270,4668.812164,11.657794,18.449033,61.257005,0.969222,-0.133608,0.120662,0.165317,-0.023044,0.051719,5.192669
20.089739,246.903154,401.546155,4671.584234,11.651638,18.441714,60.792966,0.942923,-0.119098,0.136645,0.277797,-0.010177,0.056547,5.165029
20.135164,247.432293,402.383707,4674.335232,11.645553,18.434406,60.329220,0.903860,-0.102771,0.150829,0.385820,0.003530,0.058172,5.137456
20.180589,247.961158,403.220928,4677.065171,11.639545,18.427108,59.865764,0.852774,-0.084855,0.163018,0.487986,0.017287,0.056505,5.109952
20.226014,248.489752,404.057817,4679.774064,11.633615,18.419817,59.402597,0.790554,-0.065600,0.173047,0.583013,0.030316,0.051646,5.082516
20.271440,249.018078,404.894376,4682.461924,11.627768,18.412532,58.939715,0.718213,-0.045273,0.180781,0.669751,0.041898,0.043874,5.055150
20.316865,249.546140,405.730603,4685.128764,11.622003,18.405254,58.477117,0.636874,-0.024149,0.186121,0.747191,0.051410,0.033624,5.027854
20.362290,250.073942,406.566500,4687.774597,11.616321,18.397981,58.014799,0.547750,-0.002515,0.188998,0.814475,0.058359,0.021450,5.000628
20.407715,250.601488,407.402067,4690.399435,11.610721,18.390714,57.552759,0.452121,0.019344,0.189380,0.870903,0.062398,0.007994,4.973472
20.453140,251.128782,408.237303,4693.003291,11.605200,18.383453,57.090996,0.351321,0.041140,0.187266,0.915935,0.063337,-0.006052,4.946388
20.498566,251.655826,409.072210,4695.586178,11.599757,18.376200,56.629506,0.246709,0.062590,0.182691,0.949192,0.061147,-0.019986,4.919375
20.543991,252.182625,409.906788,4698.148108,11.594387,18.368956,56.168289,0.139661,0.083422,0.175719,0.970454,0.055953,-0.033131,4.892434
20.589416,252.709182,410.741037,4700.689093,11.589086,18.361722,55.707342,0.031541,0.103372,0.166445,0.979662,0.048018,-0.044862,4.865566
20.634841,253.235499,411.574958,4703.209145,11.583850,18.354501,55.246663,-0.076308,0.122195,0.154990,0.976906,0.037727,-0.054637,4.838770
20.686049,253.828534,412.514644,4706.024918,11.578018,18.346377,54.727659,-0.195935,0.141775,0.139649,0.959754,0.023905,-0.062766,4.808652
20.737257,254.421271,413.453915,4708.814123,11.572254,18.338274,54.208991,-0.311786,0.159334,0.121972,0.928248,0.008502,-0.067399,4.778628
20.788465,255.013715,414.392772,4711.576776,11.566549,18.330195,53.690656,-0.422194,0.174609,0.102237,0.883136,-0.007615,-0.068284,4.748699
20.839673,255.605868,415.331216,4714.312895,11.560895,18.322143,53.172653,-0.525626,0.187380,0.080749,0.825350,-0.023557,-0.065378,4.718866
20.890880,256.197733,416.269248,4717.022496,11.555283,18.314121,52.654979,-0.620703,0.197466,0.057834,0.755980,-0.038463,-0.058835,4.689129
20.942088,256.789312,417.206870,4719.705597,11.549706,18.306132,52.137633,-0.706213,0.204728,0.033831,0.676255,-0.051535,-0.048997,4.659489
20.993296,257.380605,418.144084,4722.362214,11.544154,18.298179,51.620612,-0.781119,0.209074,0.009090,0.587514,-0.062080,-0.036366,4.629948
21.044504,257.971615,419.080891,4724.992364,11.538621,18.290265,51.103914,-0.844572,0.210451,-0.016033,0.491187,-0.069536,-0.021585,4.600506
21.095712,258.562341,420.017295,4727.596063,11.533098,18.282392,50.587537,-0.895913,0.208851,-0.041186,0.388764,-0.073500,-0.005394,4.571163
21.146920,259.152785,420.953296,4730.173328,11.527580,18.274562,50.071479,-0.934674,0.204307,-0.066022,0.281773,-0.073739,0.011395,4.541921
21.198128,259.742946,421.888898,4732.724174,11.522061,18.266778,49.555738,-0.960576,0.196890,-0.090203,0.171760,-0.070205,0.027944,4.512781
21.249335,260.332825,422.824102,4735.248619,11.516535,18.259041,49.040311,-0.973527,0.186711,-0.113408,0.060260,-0.063030,0.043426,4.483743
21.300543,260.922420,423.758911,4737.746678,11.510997,18.251353,48.525198,-0.973614,0.173913,-0.135334,-0.051219,-0.052524,0.057061,4.454809
21.351751,261.511731,424.693328,4740.218366,11.505444,18.243714,48.010396,-0.961092,0.158671,-0.155699,-0.161221,-0.039156,0.068156,4.425980
21.402959,262.100758,425.627355,4742.663701,11.499872,18.236126,47.495902,-0.936375,0.141187,-0.174245,-0.268353,-0.023538,0.076131,4.397255
21.454167,262.689499,426.560994,4745.082698,11.494278,18.228588,46.981715,-0.900025,0.121690,-0.190745,-0.371306,-0.006390,0.080554,4.368637
21.505375,263.277952,427.494249,4747.475372,11.488661,18.221101,46.467832,-0.852735,0.100428,-0.204997,-0.468869,0.011488,0.081156,4.340127
21.556583,263.866117,428.427122,4749.841739,11.483020,18.213665,45.954252,-0.795315,0.077668,-0.216833,-0.559938,0.029254,0.077844,4.311725
21.607790,264.453993,429.359616,4752.181814,11.477353,18.206279,45.440971,-0.728675,0.053689,-0.226114,-0.643527,0.046064,0.070712,4.283432
21.658998,265.041578,430.291732,4754.495613,11.471661,18.198943,44.927989,-0.653812,0.028781,-0.232736,-0.718776,0.061113,0.060030,4.255250
21.710206,265.628871,431.223474,4756.783151,11.465944,18.191655,44.415302,-0.571791,0.003239,-0.236626,-0.784956,0.073667,0.046236,4.227179
21.761414,266.215871,432.154844,4759.044442,11.460204,18.184415,43.902908,-0.483728,-0.022639,-0.237744,-0.841472,0.083103,0.029915,4.199221
21.812622,266.802576,433.085844,4761.279503,11.454441,18.177221,43.390806,-0.390774,-0.048554,-0.236083,-0.887865,0.088935,0.011774,4.171377
21.863830,267.388985,434.016478,4763.488347,11.448657,18.170072,42.878992,-0.294102,-0.074215,-0.231665,-0.923812,0.090837,-0.007393,4.143648
21.921578,268.049942,435.065546,4765.947900,11.442112,18.162062,42.302145,-0.182091,-0.102490,-0.223443,-0.951584,0.088085,-0.029180,4.112516
21.979327,268.710521,436.114153,4768.374151,11.435547,18.154104,41.725660,-0.068515,-0.129683,-0.211905,-0.965756,0.080207,-0.049964,4.081533
22.037076,269.370720,437.162302,4770.767120,11.428965,18.146196,41.149532,0.044996,-0.155420,-0.197213,-0.966450,0.067553,-0.068562,4.050701
22.094825,270.030539,438.209996,4773.126830,11.422369,18.138336,40.573759,0.156875,-0.179355,-0.179571,-0.953978,0.050736,-0.083907,4.020022
22.152574,270.689976,439.257238,4775.453299,11.415765,18.130520,39.998336,0.265639,-0.201169,-0.159216,-0.928824,0.030603,-0.095102,3.989497
22.210322,271.349032,440.304029,4777.746548,11.409155,18.122747,39.423262,0.369903,-0.220578,-0.136419,-0.891629,0.008182,-0.101476,3.959129
22.268071,272.007706,441.350372,4780.006598,11.402545,18.115013,38.848531,0.468398,-0.237332,-0.111477,-0.843175,-0.015374,-0.102610,3.928919
22.325820,272.665999,442.396270,4782.233467,11.395936,18.107316,38.274142,0.559981,-0.251219,-0.084708,-0.784366,-0.038851,-0.098358,3.898868
22.383569,273.323910,443.441724,4784.427176,11.389335,18.099654,37.700091,0.643644,-0.262065,-0.056450,-0.716206,-0.061036,-0.088855,3.868980
22.441318,273.981440,444.486737,4786.587743,11.382743,18.092023,37.126375,0.718524,-0.269737,-0.027053,-0.639786,-0.080783,-0.074502,3.839255
22.499066,274.638589,445.531310,4788.715189,11.376166,18.084423,36.552991,0.783903,-0.274143,0.003126,-0.556259,-0.097068,-0.055944,3.809695
22.556815,275.295360,446.575445,4790.809533,11.369605,18.076850,35.979936,0.839212,-0.275230,0.033724,-0.466826,-0.109038,-0.034030,3.780303
22.614564,275.951752,447.619144,4792.870792,11.363064,18.069303,35.407207,0.884032,-0.272985,0.064380,-0.372711,-0.116053,-0.009771,3.751081
22.672313,276.607767,448.662407,4794.898986,11.356546,18.061780,34.834802,0.918088,-0.267434,0.094739,-0.275153,-0.117706,0.015710,3.722030
22.730062,277.263406,449.705236,4796.894134,11.350052,18.054278,34.262717,0.941248,-0.258640,0.124452,-0.175381,-0.113846,0.041241,3.693153
22.795349,278.004180,450.883672,4799.109947,11.342744,18.045822,33.616337,0.954321,-0.244917,0.156846,-0.061436,-0.102976,0.068690,3.660717
22.860636,278.744478,452.061557,4801.283573,11.335472,18.037390,32.970360,0.953682,-0.227368,0.187530,0.052104,-0.085712,0.093096,3.628509
22.925923,279.484302,453.238892,4803.415037,11.328239,18.028980,32.324783,0.939728,-0.206236,0.216076,0.163633,-0.062933,0.113031,3.596532
22.991210,280.223656,454.415679,4805.504367,11.321047,18.020591,31.679603,0.913036,-0.181805,0.242094,0.271641,-0.035817,0.127318,3.564787
23.056497,280.962541,455.591919,4807.551588,11.313898,18.012221,31.034815,0.874338,-0.154400,0.265233,0.374740,-0.005773,0.135094,3.533279
23.121785,281.700961,456.767613,4809.556725,11.306791,18.003869,30.390418,0.824505,-0.124380,0.285186,0.471672,0.025642,0.135844,3.502011
23.187072,282.438918,457.942762,4811.519804,11.299728,17.995534,29.746409,0.764521,-0.092131,0.301693,0.561323,0.056807,0.129420,3.470985
23.252359,283.176416,459.117367,4813.440850,11.292708,17.987215,29.102786,0.695469,-0.058060,0.314542,0.642727,0.086120,0.116039,3.440206
23.317646,283.913457,460.291430,4815.319888,11.285731,17.978914,28.459545,0.618503,-0.022587,0.323569,0.715073,0.112080,0.096266,3.409674
23.382933,284.650043,461.464952,4817.156943,11.278798,17.970628,27.816685,0.534829,0.013856,0.328659,0.777708,0.133352,0.070971,3.379395
23.448220,285.386179,462.637933,4818.952040,11.271907,17.962358,27.174204,0.445690,0.050832,0.329747,0.830135,0.148834,0.041291,3.349371
23.513507,286.121865,463.810374,4820.705204,11.265057,17.954105,26.532100,0.352339,0.087910,0.326813,0.872011,0.157696,0.008560,3.319606
23.578795,286.857106,464.982278,4822.416459,11.258248,17.945869,25.890371,0.256028,0.124660,0.319886,0.903140,0.159417,-0.025748,3.290102
23.644082,287.591904,466.153644,4824.085829,11.251480,17.937650,25.249015,0.157989,0.160667,0.309037,0.923472,0.153799,-0.060093,3.260862
23.709369,288.326261,467.324474,4825.713339,11.244751,17.929450,24.608031,0.059419,0.195529,0.294379,0.933091,0.140968,-0.092936,3.231890
23.774656,289.060180,468.494770,4827.299014,11.238060,17.921268,23.967419,-0.038533,0.228865,0.276064,0.932203,0.121364,-0.122809,3.203188
23.839943,289.793664,469.664532,4828.842876,11.231407,17.913107,23.327176,-0.134777,0.260314,0.254281,0.921136,0.095715,-0.148367,3.174761
23.905230,290.526714,470.833762,4830.344951,11.224791,17.904968,22.687302,-0.228293,0.289543,0.229250,0.900316,0.065003,-0.168451,3.146610
23.970518,291.259334,472.002461,4831.805263,11.218212,17.896851,22.047796,-0.318139,0.316244,0.201220,0.870268,0.030413,-0.182126,3.118739
24.035805,291.991525,473.170631,4833.223835,11.211668,17.888759,21.408657,-0.403455,0.340142,0.170466,0.831592,-0.006709,-0.188716,3.091150
24.101092,292.723291,474.338274,4834.600691,11.205161,17.880693,20.769884,-0.483474,0.360992,0.137285,0.784963,-0.044918,-0.187824,3.063848
24.173130,293.530236,475.626052,4836.071547,11.198021,17.871824,20.065481,-0.564812,0.380207,0.098235,0.725160,-0.086554,-0.178041,3.034056
24.245169,294.336668,476.913192,4837.491675,11.190925,17.862993,19.361523,-0.638106,0.395215,0.057059,0.657606,-0.125726,-0.159297,3.004620
24.317207,295.142591,478.199698,4838.861106,11.183873,17.854201,18.658009,-0.702728,0.405829,0.014215,0.583395,-0.160567,-0.132270,2.975541
24.389246,295.948007,479.485571,4840.179874,11.176866,17.845452,17.954940,-0.758190,0.411912,-0.029825,0.503649,-0.189401,-0.098011,2.946825
24.461284,296.752920,480.770816,4841.448009,11.169905,17.836748,17.252314,-0.804142,0.413378,-0.074587,0.419507,-0.210811,-0.057894,2.918474
24.533323,297.557334,482.055436,4842.665545,11.162992,17.828094,16.550133,-0.840371,0.410188,-0.119594,0.332105,-0.223697,-0.013548,2.890492
24.614055,298.458241,483.494356,4843.969932,11.155302,17.818460,15.763734,-0.869320,0.401095,-0.169741,0.231663,-0.227108,0.038932,2.859575
24.694788,299.358529,484.932500,4845.210855,11.147679,17.808899,14.977891,-0.886016,0.386251,-0.218956,0.130063,-0.218422,0.091739,2.829129
24.775520,300.258205,486.369876,4846.388356,11.140124,17.799419,14.192606,-0.890701,0.365806,-0.266612,0.028770,-0.197788,0.142137,2.799158
24.856253,301.157274,487.806490,4847.502482,11.132644,17.790026,13.407877,-0.883776,0.339975,-0.312107,-0.070835,-0.165956,0.187501,2.769666
24.936986,302.055742,489.242349,4848.553277,11.125244,17.780728,12.623704,-0.865787,0.309032,-0.354877,-0.167470,-0.124232,0.225440,2.740657
25.017718,302.953616,490.677462,4849.540786,11.117929,17.771534,11.840087,-0.837406,0.273305,-0.394392,-0.259963,-0.074404,0.253910,2.712134
25.098451,303.850903,492.111837,4850.465054,11.110706,17.762452,11.057023,-0.799416,0.233170,-0.430168,-0.347263,-0.018657,0.271306,2.684101
25.179183,304.747611,493.545483,4851.326126,11.103583,17.753493,10.274513,-0.752686,0.189049,-0.461766,-0.428446,0.040537,0.276525,2.656561
25.259916,305.643749,494.978412,4852.124046,11.096568,17.744666,9.492554,-0.698160,0.141397,-0.488796,-0.502719,0.100532,0.269016,2.629517
25.340649,306.539325,496.410634,4852.858858,11.089671,17.735984,8.711142,-0.636836,0.090705,-0.510921,-0.569421,0.158631,0.248796,2.602973
25.421381,307.434349,497.842161,4853.530607,11.082900,17.727458,7.930275,-0.569747,0.037489,-0.527855,-0.628028,0.212202,0.216440,2.576932
25.502114,308.328831,499.273007,4854.139336,11.076268,17.719101,7.149947,-0.497951,-0.017713,-0.539367,-0.678145,0.258792,0.173053,2.551398
25.591413,309.317613,500.854904,4854.739306,11.069105,17.710070,6.287437,-0.414334,-0.080421,-0.545576,-0.723376,0.299581,0.114130,2.523749
25.680713,310.305763,502.436007,4855.262282,11.062141,17.701282,5.425568,-0.327683,-0.144122,-0.544779,-0.757717,0.326759,0.046366,2.496730
25.770012,311.293302,504.016336,4855.708323,11.055392,17.692757,4.564326,-0.239390,-0.208047,-0.536899,-0.781161,0.338573,-0.027058,2.470348
25.859311,312.280247,505.595916,4856.077482,11.048876,17.684516,3.703692,-0.150800,-0.271428,-0.521941,-0.793869,0.334014,-0.102655,2.444610
25.948610,313.266622,507.174774,4856.369814,11.042613,17.676582,2.843643,-0.063186,-0.333509,-0.499985,-0.796152,0.312854,-0.176799,2.419526
26.037910,314.252450,508.752938,4856.585370,11.036622,17.668977,1.984152,0.022260,-0.393546,-0.471194,-0.788458,0.275659,-0.245900,2.395104
26.127209,315.237756,510.330438,4856.724197,11.030923,17.661723,1.125183,0.104441,-0.450819,-0.435801,-0.771359,0.223748,-0.306569,2.371356
26.216508,316.222566,511.907307,4856.786340,11.025532,17.654842,0.266695,0.182367,-0.504637,-0.394113,-0.745535,0.159141,-0.355769,2.348297
26.244263,316.528561,512.397294,4856.790040,11.023923,17.652783,-0.000043,0.205579,-0.520557,-0.379930,-0.735849,0.136871,-0.368310,2.341273
26.247619,316.565552,512.456528,4856.789986,11.023731,17.652537,-0.032289,0.208350,-0.522453,-0.378177,-0.734627,0.134116,-0.369731,2.340428
26.249082,316.581680,512.482354,4856.789918,11.023647,17.652429,-0.046347,0.209556,-0.523278,-0.377409,-0.734090,0.132910,-0.370342,2.340060
26.250545,316.597807,512.508179,4856.789830,11.023563,17.652322,-0.060406,0.210759,-0.524101,-0.376640,-0.733551,0.131702,-0.370949,2.339692
26.267518,316.784903,512.807784,4856.787421,11.022600,17.651088,-0.223498,0.224625,-0.533574,-0.367614,-0.727158,0.117525,-0.377720,2.335440
26.284491,316.971983,513.107368,4856.782243,11.021648,17.649867,-0.386577,0.238289,-0.542885,-0.358382,-0.720496,0.103045,-0.383940,2.331213
26.301464,317.159048,513.406932,4856.774298,11.020709,17.648662,-0.549641,0.251745,-0.552031,-0.348947,-0.713568,0.088284,-0.389596,2.327013
26.346237,317.652414,514.197031,4856.740061,11.018290,17.645554,-0.979712,0.286214,-0.575333,-0.323112,-0.694067,0.048156,-0.401734,2.316057
26.391009,318.145674,514.986993,4856.686571,11.015960,17.642552,-1.409698,0.319120,-0.597380,-0.295953,-0.672881,0.006661,-0.409682,2.305285
26.435781,318.638832,515.776823,4856.613832,11.013720,17.639658,-1.839607,0.350390,-0.618103,-0.267531,-0.650124,-0.035763,-0.413303,2.294699
26.480553,319.131892,516.566526,4856.521846,11.011571,17.636873,-2.269450,0.379952,-0.637436,-0.237916,-0.625913,-0.078658,-0.412504,2.284303
26.556070,319.963325,517.898243,4856.323091,11.008156,17.632427,-2.994344,0.425781,-0.666716,-0.185454,-0.582122,-0.150780,-0.401039,2.267203
26.631588,320.794509,519.229637,4856.069599,11.005008,17.628299,-3.719134,0.466340,-0.691576,-0.130155,-0.535132,-0.220674,-0.376999,2.250666
26.707105,321.625466,520.560731,4855.761375,11.002126,17.624488,-4.443883,0.501454,-0.711765,-0.072401,-0.485541,-0.286136,-0.340885,2.234707
26.782622,322.456215,521.891549,4855.398420,10.999507,17.620990,-5.168657,0.531008,-0.727061,-0.012593,-0.433948,-0.345078,-0.293580,2.219345
26.858139,323.286776,523.222114,4854.980728,10.997145,17.617794,-5.893533,0.554950,-0.737278,0.048846,-0.380950,-0.395588,-0.236326,2.204600
26.949449,324.290802,524.830624,4854.402569,10.994611,17.614309,-6.770245,0.576422,-0.742631,0.124689,-0.315827,-0.443026,-0.156075,2.187624
27.040758,325.294611,526.438832,4853.744340,10.992399,17.611195,-7.647376,0.589836,-0.740137,0.201479,-0.250508,-0.473319,-0.066906,2.171620
27.132068,326.298230,528.046771,4853.005995,10.990458,17.608391,-8.525089,0.595439,-0.729676,0.278397,-0.185948,-0.484829,0.027400,2.156631
27.223377,327.301683,529.654465,4852.187474,10.988723,17.605812,-9.403555,0.593589,-0.711211,0.354609,-0.123040,-0.476755,0.122758,2.142702
27.314687,328.304983,531.261930,4851.288700,10.987111,17.603351,-10.282948,0.584743,-0.684788,0.429274,-0.062607,-0.449192,0.214963,2.129878
27.413249,329.387811,532.996821,4850.228362,10.985388,17.600678,-11.233432,0.567973,-0.647490,0.507166,-0.000997,-0.398752,0.306197,2.117334
27.511811,330.470463,534.731440,4849.074271,10.983532,17.597793,-12.185412,0.544473,-0.601354,0.581235,0.056070,-0.329236,0.384115,2.106200
27.610373,331.552919,536.465754,4847.826269,10.981360,17.594465,-13.139087,0.515114,-0.546774,0.650464,0.107930,-0.244207,0.444543,2.096538
27.708935,332.635136,538.199709,4846.484180,10.978662,17.590433,-14.094630,0.480826,-0.484259,0.713875,0.154067,-0.148185,0.484238,2.088412
27.747619,333.059815,538.880149,4845.931674,10.977411,17.588595,-14.470210,0.466234,-0.457687,0.736969,0.170529,-0.108623,0.493653,2.085657
27.762717,333.224041,539.143766,4845.713047,10.877497,17.460698,-14.480792,0.466234,-0.457687,0.736969,0.170529,-0.108623,0.493653,2.085657
27.777815,333.386776,539.405475,4845.494254,10.778770,17.334291,-14.491781,0.466234,-0.457687,0.736969,0.170529,-0.108623,0.493653,2.085657
27.808010,333.709300,539.925119,4845.056324,10.583637,17.084388,-14.514557,0.466234,-0.457687,0.736969,0.170529,-0.108623,0.493653,2.085657
27.838205,334.026001,540.437303,4844.617682,10.393057,16.840200,-14.538888,0.466234,-0.457687,0.736969,0.170529,-0.108623,0.493653,2.085657
27.868401,334.337013,540.942198,4844.178284,10.206861,16.601514,-14.564697,0.466234,-0.457687,0.736969,0.170529,-0.108623,0.493653,2.085657
28.015514,335.774766,543.302619,4842.025426,9.357724,15.511395,-14.709470,0.466234,-0.457687,0.736969,0.170529,-0.108623,0.493653,2.085657
28.162627,337.094110,545.510831,4839.849222,8.592669,14.526667,-14.880260,0.466234,-0.457687,0.736969,0.170529,-0.108623,0.493653,2.085657
28.309740,338.306316,547.580953,4837.646336,7.898941,13.631240,-15.071115,0.466234,-0.457687,0.736969,0.170529,-0.108623,0.493653,2.085657
28.456854,339.421070,549.525105,4835.414207,7.266194,12.812054,-15.277073,0.466234,-0.457687,0.736969,0.170529,-0.108623,0.493653,2.085657
28.679123,340.938797,552.246416,4831.982119,6.407453,11.695717,-15.607782,0.466234,-0.457687,0.736969,0.170529,-0.108623,0.493653,2.085657
28.901393,342.276873,554.733571,4828.474829,5.646539,10.701112,-15.952110,0.466234,-0.457687,0.736969,0.170529,-0.108623,0.493653,2.085657
29.123663,343.454990,557.011027,4824.890401,4.966614,9.806910,-16.301126,0.466234,-0.457687,0.736969,0.170529,-0.108623,0.493653,2.085657
29.345933,344.489764,559.099345,4821.228527,4.354680,8.996634,-16.647764,0.466234,-0.457687,0.736969,0.170529,-0.108623,0.493653,2.085657
29.568203,345.395143,561.015701,4817.490376,3.800866,8.257757,-16.986670,0.466234,-0.457687,0.736969,0.170529,-0.108623,0.493653,2.085657
29.952190,346.688770,563.963289,4810.859591,2.959398,7.122017,-17.542621,0.466234,-0.457687,0.736969,0.170529,-0.108623,0.493653,2.085657
30.336177,347.683312,566.503901,4804.024429,2.240164,6.134326,-18.050112,0.466234,-0.457687,0.736969,0.170529,-0.108623,0.493653,2.085657
30.720164,348.421946,568.689628,4797.004764,1.622365,5.268362,-18.502046,0.466234,-0.457687,0.736969,0.170529,-0.108623,0.493653,2.085657
31.104152,348.940436,570.563195,4789.822557,1.091457,4.505836,-18.896771,0.466234,-0.457687,0.736969,0.170529,-0.108623,0.493653,2.085657
31.488139,349.269840,572.161442,4782.499627,0.636110,3.832639,-19.235875,0.466234,-0.457687,0.736969,0.170529,-0.108623,0.493653,2.085657
31.872126,349.437432,573.516529,4775.056570,0.247117,3.237437,-19.522977,0.466234,-0.457687,0.736969,0.170529,-0.108623,0.493653,2.085657
32.477256,349.430083,575.225252,4763.128628,-0.249432,2.435658,-19.882051,0.466234,-0.457687,0.736969,0.170529,-0.108623,0.493653,2.085657
33.082385,349.159962,576.492733,4751.013410,-0.625367,1.774326,-20.145726,0.466234,-0.457687,0.736969,0.170529,-0.108623,0.493653,2.085657
33.687515,348.693464,577.396145,4738.762315,-0.901531,1.228817,-20.334706,0.466234,-0.457687,0.736969,0.170529,-0.108623,0.493653,2.085657
34.292645,348.085497,577.999171,4726.414880,-1.095527,0.778515,-20.466866,0.466234,-0.457687,0.736969,0.170529,-0.108623,0.493653,2.085657
34.897774,347.381215,578.354113,4714.000821,-1.222159,0.406201,-20.556807,0.466234,-0.457687,0.736969,0.170529,-0.108623,0.493653,2.085657
35.502904,346.617514,578.503678,4701.542104,-1.293769,0.097576,-20.616030,0.466234,-0.457687,0.736969,0.170529,-0.108623,0.493653,2.085657
36.108033,345.824489,578.482707,4689.054579,-1.320606,-0.159204,-20.653219,0.466234,-0.457687,0.736969,0.170529,-0.108623,0.493653,2.085657
36.713163,345.026599,578.319528,4676.549528,-1.311115,-0.373889,-20.674791,0.466234,-0.457687,0.736969,0.170529,-0.108623,0.493653,2.085657
37.537867,343.966558,577.908983,4659.492776,-1.251983,-0.612878,-20.687279,0.466234,-0.457687,0.736969,0.170529,-0.108623,0.493653,2.085657
38.362571,342.972945,577.321865,4642.431179,-1.151867,-0.804232,-20.687252,0.466234,-0.457687,0.736969,0.170529,-0.108623,0.493653,2.085657
39.187275,342.075096,576.592307,4625.372890,-1.021190,-0.959980,-20.679805,0.466234,-0.457687,0.736969,0.170529,-0.108623,0.493653,2.085657
40.011979,341.294856,575.745797,4608.322750,-0.867770,-1.089144,-20.668059,0.466234,-0.457687,0.736969,0.170529,-0.108623,0.493653,2.085657
40.836683,340.648452,574.801336,4591.283433,-0.697442,-1.198469,-20.653798,0.466234,-0.457687,0.736969,0.170529,-0.108623,0.493653,2.085657
41.797580,340.079872,573.595895,4571.445904,-0.483361,-1.307412,-20.635429,0.466234,-0.457687,0.736969,0.170529,-0.108623,0.493653,2.085657
42.758476,339.723109,572.293022,4551.626565,-0.257253,-1.402058,-20.616145,0.466234,-0.457687,0.736969,0.170529,-0.108623,0.493653,2.085657
43.719373,339.588010,570.904471,4531.826067,-0.022728,-1.486587,-20.596481,0.466234,-0.457687,0.736969,0.170529,-0.108623,0.493653,2.085657
44.680270,339.681295,569.438382,4512.044557,0.217720,-1.563890,-20.576624,0.466234,-0.457687,0.736969,0.170529,-0.108623,0.493653,2.085657
45.481806,339.937470,568.160621,4495.558315,0.421449,-1.624439,-20.560016,0.466234,-0.457687,0.736969,0.170529,-0.108623,0.493653,2.085657
46.283342,340.357755,566.835372,4479.085363,0.627327,-1.682248,-20.543429,0.466234,-0.457687,0.736969,0.170529,-0.108623,0.493653,2.085657
46.776048,340.697196,565.998449,4468.965952,0.750966,-1.715086,-20.533397,0.466234,-0.457687,0.736969,0.170529,-0.108623,0.493653,2.085657
47.268754,341.094559,565.146888,4458.851371,0.862855,-1.741934,-20.523792,0.466234,-0.457687,0.736969,0.170529,-0.108623,0.493653,2.085657
47.761460,341.543411,564.283870,4448.741439,0.959476,-1.761382,-20.514603,0.466234,-0.457687,0.736969,0.170529,-0.108623,0.493653,2.085657
48.254165,342.036862,563.412733,4438.636008,1.043308,-1.774632,-20.505591,0.466234,-0.457687,0.736969,0.170529,-0.108623,0.493653,2.085657
48.746871,342.568984,562.536346,4428.535005,1.116480,-1.782714,-20.496610,0.466234,-0.457687,0.736969,0.170529,-0.108623,0.493653,2.085657
49.239577,343.134948,561.657047,4418.438429,1.180724,-1.786469,-20.487598,0.466234,-0.457687,0.736969,0.170529,-0.108623,0.493653,2.085657
50.109238,344.205671,560.103167,4400.628132,1.276220,-1.784424,-20.471557,0.466234,-0.457687,0.736969,0.170529,-0.108623,0.493653,2.085657
50.978898,345.350945,558.555179,4382.831860,1.354980,-1.774278,-20.455310,0.466234,-0.457687,0.736969,0.170529,-0.108623,0.493653,2.085657
51.848559,346.558841,557.018854,4365.049777,1.421280,-1.758111,-20.438924,0.466234,-0.457687,0.736969,0.170529,-0.108623,0.493653,2.085657
52.718220,347.820305,555.498562,4347.281999,1.478364,-1.737499,-20.422468,0.466234,-0.457687,0.736969,0.170529,-0.108623,0.493653,2.085657
54.132585,349.969234,553.068496,4318.416150,1.557629,-1.697456,-20.395628,0.466234,-0.457687,0.736969,0.170529,-0.108623,0.493653,2.085657
55.546950,352.221480,550.699272,4289.588269,1.626257,-1.652339,-20.368791,0.466234,-0.457687,0.736969,0.170529,-0.108623,0.493653,2.085657
56.961315,354.565702,548.396263,4260.798302,1.688293,-1.604117,-20.342040,0.466234,-0.457687,0.736969,0.170529,-0.108623,0.493653,2.085657
58.375680,356.994796,546.162782,4232.046102,1.746262,-1.554017,-20.315403,0.466234,-0.457687,0.736969,0.170529,-0.108623,0.493653,2.085657
59.904577,359.710694,543.829081,4201.007888,1.806238,-1.498669,-20.286739,0.466234,-0.457687,0.736969,0.170529,-0.108623,0.493653,2.085657
61.433474,362.516876,541.580598,4170.013367,1.864580,-1.442645,-20.258225,0.466234,-0.457687,0.736969,0.170529,-0.108623,0.493653,2.085657
62.962371,365.411477,539.418058,4139.062320,1.921917,-1.386251,-20.229878,0.466234,-0.457687,0.736969,0.170529,-0.108623,0.493653,2.085657
64.491268,368.393286,537.341869,4108.154500,1.978642,-1.329679,-20.201694,0.466234,-0.457687,0.736969,0.170529,-0.108623,0.493653,2.085657
66.085851,371.595239,535.268687,4075.964539,2.037418,-1.270613,-20.172457,0.466234,-0.457687,0.736969,0.170529,-0.108623,0.493653,2.085657
67.680433,374.890726,533.289679,4043.821056,2.095912,-1.211539,-20.143385,0.466234,-0.457687,0.736969,0.170529,-0.108623,0.493653,2.085657
69.275016,378.279350,531.404835,4011.723793,2.154219,-1.152502,-20.114485,0.466234,-0.457687,0.736969,0.170529,-0.108623,0.493653,2.085657
71.350016,382.827900,529.092988,3970.025004,2.229897,-1.075771,-20.077134,0.466234,-0.457687,0.736969,0.170529,-0.108623,0.493653,2.085657
73.425016,387.533283,526.940230,3928.403448,2.305389,-0.999164,-20.040063,0.466234,-0.457687,0.736969,0.170529,-0.108623,0.493653,2.085657
75.500015,392.395138,524.946299,3886.858542,2.380722,-0.922691,-20.003262,0.466234,-0.457687,0.736969,0.170529,-0.108623,0.493653,2.085657
79.044151,401.060168,521.907044,3816.074622,2.509050,-0.792392,-19.941015,0.466234,-0.457687,0.736969,0.170529,-0.108623,0.493653,2.085657
79.649401,402.583677,521.433497,3804.008517,2.525876,-0.772156,-19.930439,0.466234,-0.457687,0.736969,0.170529,-0.108623,0.493653,2.085657
80.254652,404.114393,520.971032,3791.948820,2.532842,-0.755787,-19.919832,0.466234,-0.457687,0.736969,0.170529,-0.108623,0.493653,2.085657
80.859902,405.646949,520.517543,3779.895552,2.531206,-0.742791,-19.909190,0.466234,-0.457687,0.736969,0.170529,-0.108623,0.493653,2.085657
81.628557,407.589144,519.951905,3764.597468,2.519199,-0.730181,-19.895633,0.466234,-0.457687,0.736969,0.170529,-0.108623,0.493653,2.085657
82.397211,409.518317,519.394471,3749.309816,2.499155,-0.720727,-19.882058,0.466234,-0.457687,0.736969,0.170529,-0.108623,0.493653,2.085657
83.165866,411.429519,518.843297,3734.032600,2.472886,-0.713719,-19.868486,0.466234,-0.457687,0.736969,0.170529,-0.108623,0.493653,2.085657
83.934520,413.318687,518.296785,3718.765811,2.441879,-0.708575,-19.854931,0.466234,-0.457687,0.736969,0.170529,-0.108623,0.493653,2.085657
85.437773,416.938287,517.236976,3688.938707,2.371721,-0.702270,-19.828511,0.466234,-0.457687,0.736969,0.170529,-0.108623,0.493653,2.085657
86.941026,420.445435,516.183880,3659.151230,2.293817,-0.699038,-19.802246,0.466234,-0.457687,0.736969,0.170529,-0.108623,0.493653,2.085657
88.444279,423.831634,515.134108,3629.403134,2.211335,-0.697639,-19.776129,0.466234,-0.457687,0.736969,0.170529,-0.108623,0.493653,2.085657
89.947531,427.091905,514.085650,3599.694169,2.126156,-0.697339,-19.750143,0.466234,-0.457687,0.736969,0.170529,-0.108623,0.493653,2.085657
91.522966,430.369965,512.986763,3568.600429,2.035391,-0.697656,-19.723063,0.466234,-0.457687,0.736969,0.170529,-0.108623,0.493653,2.085657
93.098400,433.504486,511.887126,3537.549222,1.943718,-0.698377,-19.696151,0.466234,-0.457687,0.736969,0.170529,-0.108623,0.493653,2.085657
94.673835,436.494310,510.786210,3506.540303,1.851635,-0.699305,-19.669402,0.466234,-0.457687,0.736969,0.170529,-0.108623,0.493653,2.085657
95.727934,438.413651,510.048733,3485.816189,1.789943,-0.699985,-19.651585,0.466234,-0.457687,0.736969,0.170529,-0.108623,0.493653,2.085657
96.782034,440.267910,509.310507,3465.110819,1.728233,-0.700693,-19.633830,0.466234,-0.457687,0.736969,0.170529,-0.108623,0.493653,2.085657
97.836134,442.057115,508.571521,3444.424128,1.666518,-0.701425,-19.616139,0.466234,-0.457687,0.736969,0.170529,-0.108623,0.493653,2.085657
102.518149,449.219259,505.279502,3352.762600,1.392782,-0.704780,-19.538332,0.466234,-0.457687,0.736969,0.170529,-0.108623,0.493653,2.085657
107.200165,455.102147,501.971548,3261.461922,1.119872,-0.708225,-19.461757,0.466234,-0.457687,0.736969,0.170529,-0.108623,0.493653,2.085657
109.090015,457.114829,500.631776,3224.710831,1.009986,-0.709626,-19.431191,0.466234,-0.457687,0.736969,0.170529,-0.108623,0.493653,2.085657
110.979865,458.918326,499.287462,3188.017574,0.898962,-0.712535,-19.400661,0.466234,-0.457687,0.736969,0.170529,-0.108623,0.493653,2.085657
111.184793,459.101283,499.141372,3184.042174,0.886696,-0.713123,-19.397329,0.466234,-0.457687,0.736969,0.170529,-0.108623,0.493653,2.085657
111.389722,459.281702,498.995135,3180.067459,0.874215,-0.713960,-19.393970,0.466234,-0.457687,0.736969,0.170529,-0.108623,0.493653,2.085657
111.594650,459.459542,498.848701,3176.093436,0.861517,-0.715048,-19.390584,0.466234,-0.457687,0.736969,0.170529,-0.108623,0.493653,2.085657
112.004506,459.807258,498.554982,3168.147487,0.835524,-0.717915,-19.383749,0.466234,-0.457687,0.736969,0.170529,-0.108623,0.493653,2.085657
112.414363,460.144161,498.259903,3160.204354,0.808811,-0.721617,-19.376846,0.466234,-0.457687,0.736969,0.170529,-0.108623,0.493653,2.085657
112.824219,460.469990,497.963160,3152.264059,0.781474,-0.726046,-19.369896,0.466234,-0.457687,0.736969,0.170529,-0.108623,0.493653,2.085657
114.251953,461.515837,496.913318,3124.626361,0.682383,-0.745973,-19.345470,0.466234,-0.457687,0.736969,0.170529,-0.108623,0.493653,2.085657
115.679687,462.417770,495.832149,3097.023541,0.579300,-0.770597,-19.320988,0.466234,-0.457687,0.736969,0.170529,-0.108623,0.493653,2.085657
117.107421,463.170809,494.713768,3069.455629,0.474130,-0.797732,-19.296627,0.466234,-0.457687,0.736969,0.170529,-0.108623,0.493653,2.085657
118.535155,463.772499,493.555192,3041.922454,0.367854,-0.826252,-19.272404,0.466234,-0.457687,0.736969,0.170529,-0.108623,0.493653,2.085657
119.962888,464.221709,492.354955,3014.423808,0.260967,-0.855592,-19.248301,0.466234,-0.457687,0.736969,0.170529,-0.108623,0.493653,2.085657
121.390622,464.517899,491.112270,2986.959501,0.153741,-0.885438,-19.224310,0.466234,-0.457687,0.736969,0.170529,-0.108623,0.493653,2.085657
122.818356,464.660802,489.826665,2959.529364,0.046347,-0.915593,-19.200434,0.466234,-0.457687,0.736969,0.170529,-0.108623,0.493653,2.085657
125.308837,464.542975,487.480648,2911.762642,-0.141104,-0.968609,-19.159067,0.466234,-0.457687,0.736969,0.170529,-0.108623,0.493653,2.085657
127.799318,463.958482,485.002361,2864.098493,-0.328385,-1.021781,-19.118060,0.466234,-0.457687,0.736969,0.170529,-0.108623,0.493653,2.085657
130.289798,462.907899,482.391592,2816.536031,-0.515336,-1.074926,-19.077406,0.466234,-0.457687,0.736969,0.170529,-0.108623,0.493653,2.085657
132.780279,461.392107,479.648480,2769.074386,-0.701915,-1.127989,-19.037099,0.466234,-0.457687,0.736969,0.170529,-0.108623,0.493653,2.085657
136.977207,457.787879,474.727133,2689.318340,-1.015484,-1.217212,-18.969941,0.466234,-0.457687,0.736969,0.170529,-0.108623,0.493653,2.085657
141.174135,452.869889,469.431900,2609.842170,-1.327957,-1.306140,-18.903726,0.466234,-0.457687,0.736969,0.170529,-0.108623,0.493653,2.085657
141.808450,452.012954,468.599579,2597.854406,-1.374247,-1.318520,-18.893767,0.466234,-0.457687,0.736969,0.170529,-0.108623,0.493653,2.085657
142.569955,450.946379,467.591175,2583.471288,-1.427224,-1.330226,-18.881747,0.466234,-0.457687,0.736969,0.170529,-0.108623,0.493653,2.085657
143.331460,449.840844,466.575543,2569.097360,-1.476494,-1.337412,-18.869626,0.466234,-0.457687,0.736969,0.170529,-0.108623,0.493653,2.085657
144.092965,448.698745,465.555598,2554.732674,-1.522943,-1.341167,-18.857448,0.466234,-0.457687,0.736969,0.170529,-0.108623,0.493653,2.085657
144.919691,447.419753,464.446235,2539.148212,-1.571034,-1.342414,-18.844205,0.466234,-0.457687,0.736969,0.170529,-0.108623,0.493653,2.085657
145.746416,446.101762,463.336756,2523.574702,-1.617312,-1.341476,-18.830962,0.466234,-0.457687,0.736969,0.170529,-0.108623,0.493653,2.085657
146.573141,444.746075,462.228728,2508.012136,-1.662256,-1.338940,-18.817732,0.466234,-0.457687,0.736969,0.170529,-0.108623,0.493653,2.085657
148.106807,442.134421,460.180764,2479.170786,-1.743231,-1.331395,-18.793249,0.466234,-0.457687,0.736969,0.170529,-0.108623,0.493653,2.085657
149.640473,439.400007,458.146017,2450.366899,-1.822129,-1.321441,-18.768865,0.466234,-0.457687,0.736969,0.170529,-0.108623,0.493653,2.085657
151.174139,436.545536,456.127589,2421.600319,-1.899903,-1.310248,-18.744600,0.466234,-0.457687,0.736969,0.170529,-0.108623,0.493653,2.085657
152.695721,433.596317,454.142703,2393.097093,-1.976423,-1.298495,-18.720652,0.466234,-0.457687,0.736969,0.170529,-0.108623,0.493653,2.085657
154.217303,430.531062,452.176081,2364.630223,-2.052526,-1.286367,-18.696825,0.466234,-0.457687,0.736969,0.170529,-0.108623,0.493653,2.085657
155.738884,427.350259,450.228117,2336.199520,-2.128340,-1.274018,-18.673114,0.466234,-0.457687,0.736969,0.170529,-0.108623,0.493653,2.085657
157.243613,424.091408,448.320312,2308.119108,-2.203108,-1.261688,-18.649780,0.466234,-0.457687,0.736969,0.170529,-0.108623,0.493653,2.085657
158.748342,420.720178,446.431118,2280.073717,-2.277721,-1.249298,-18.626562,0.466234,-0.457687,0.736969,0.170529,-0.108623,0.493653,2.085657
159.152381,419.795846,445.927023,2272.549104,-2.297733,-1.245966,-18.620347,0.466234,-0.457687,0.736969,0.170529,-0.108623,0.493653,2.085657
159.270959,419.522690,445.779395,2270.341363,-2.303604,-1.244988,-18.618526,0.466234,-0.457687,0.736969,0.170529,-0.108623,0.493653,2.085657
159.389536,419.248838,445.631884,2268.133837,-2.309474,-1.244009,-18.616705,0.466234,-0.457687,0.736969,0.170529,-0.108623,0.493653,2.085657
160.652381,416.292881,444.067475,2244.636051,-2.371951,-1.233585,-18.597351,0.466234,-0.457687,0.736969,0.170529,-0.108623,0.493653,2.085657
160.654228,416.288498,444.065196,2244.601907,-2.372889,-1.233437,-18.482491,0.466234,-0.457687,0.736969,0.170529,-0.108623,0.493653,2.085657
160.656076,416.284112,444.062918,2244.567973,-2.373815,-1.233291,-18.369192,0.466234,-0.457687,0.736969,0.170529,-0.108623,0.493653,2.085657
160.659770,416.275339,444.058362,2244.500518,-2.375645,-1.233003,-18.145648,0.466234,-0.457687,0.736969,0.170529,-0.108623,0.493653,2.085657
160.663465,416.266558,444.053807,2244.433878,-2.377431,-1.232722,-17.928091,0.466234,-0.457687,0.736969,0.170529,-0.108623,0.493653,2.085657
160.667160,416.257771,444.049253,2244.368031,-2.379175,-1.232448,-17.716292,0.466234,-0.457687,0.736969,0.170529,-0.108623,0.493653,2.085657
160.684701,416.215968,444.027645,2244.065649,-2.386917,-1.231228,-16.783356,0.466234,-0.457687,0.736969,0.170529,-0.108623,0.493653,2.085657
160.702242,416.174036,444.006058,2243.778664,-2.393885,-1.230130,-15.955125,0.466234,-0.457687,0.736969,0.170529,-0.108623,0.493653,2.085657
160.719783,416.131988,443.984489,2243.505405,-2.400193,-1.229136,-15.215656,0.466234,-0.457687,0.736969,0.170529,-0.108623,0.493653,2.085657
160.737325,416.089835,443.962936,2243.244434,-2.405938,-1.228230,-14.551971,0.466234,-0.457687,0.736969,0.170529,-0.108623,0.493653,2.085657
160.763802,416.026027,443.930432,2242.871082,-2.413709,-1.227003,-13.670520,0.466234,-0.457687,0.736969,0.170529,-0.108623,0.493653,2.085657
160.790280,415.962025,443.897959,2242.519422,-2.420576,-1.225918,-12.909407,0.466234,-0.457687,0.736969,0.170529,-0.108623,0.493653,2.085657
160.816757,415.897852,443.865513,2242.186583,-2.426700,-1.224950,-12.246932,0.466234,-0.457687,0.736969,0.170529,-0.108623,0.493653,2.085657
160.843234,415.833525,443.833091,2241.870168,-2.432204,-1.224079,-11.666047,0.466234,-0.457687,0.736969,0.170529,-0.108623,0.493653,2.085657
160.869712,415.769059,443.800691,2241.568202,-2.437187,-1.223289,-11.153524,0.466234,-0.457687,0.736969,0.170529,-0.108623,0.493653,2.085657
160.915716,415.656759,443.744444,2241.073113,-2.444827,-1.222078,-10.395494,0.466234,-0.457687,0.736969,0.170529,-0.108623,0.493653,2.085657
160.961720,415.544131,443.688248,2240.609712,-2.451428,-1.221030,-9.771471,0.466234,-0.457687,0.736969,0.170529,-0.108623,0.493653,2.085657
161.007724,415.431220,443.632097,2240.172499,-2.457216,-1.220109,-9.251194,0.466234,-0.457687,0.736969,0.170529,-0.108623,0.493653,2.085657
161.053728,415.318058,443.575987,2239.757254,-2.462350,-1.219292,-8.813377,0.466234,-0.457687,0.736969,0.170529,-0.108623,0.493653,2.085657
161.099732,415.204673,443.519912,2239.360579,-2.466950,-1.218558,-8.441947,0.466234,-0.457687,0.736969,0.170529,-0.108623,0.493653,2.085657
161.145736,415.091086,443.463869,2238.979702,-2.471109,-1.217894,-8.124602,0.466234,-0.457687,0.736969,0.170529,-0.108623,0.493653,2.085657
161.220621,414.905806,443.372703,2238.387824,-2.477115,-1.216933,-7.700101,0.466234,-0.457687,0.736969,0.170529,-0.108623,0.493653,2.085657
161.295506,414.720106,443.281605,2237.824261,-2.482367,-1.216090,-7.364108,0.466234,-0.457687,0.736969,0.170529,-0.108623,0.493653,2.085657
161.370391,414.534036,443.190567,2237.283221,-2.487028,-1.215341,-7.095403,0.466234,-0.457687,0.736969,0.170529,-0.108623,0.493653,2.085657
161.445276,414.347635,443.099581,2236.760277,-2.491214,-1.214667,-6.878770,0.466234,-0.457687,0.736969,0.170529,-0.108623,0.493653,2.085657
161.520162,414.160935,443.008644,2236.251967,-2.495014,-1.214054,-6.702945,0.466234,-0.457687,0.736969,0.170529,-0.108623,0.493653,2.085657
161.595047,413.973964,442.917750,2235.755566,-2.498493,-1.213491,-6.559473,0.466234,-0.457687,0.736969,0.170529,-0.108623,0.493653,2.085657
161.715170,413.673529,442.772032,2234.978891,-2.503529,-1.212675,-6.381261,0.466234,-0.457687,0.736969,0.170529,-0.108623,0.493653,2.085657
161.835293,413.372523,442.626407,2234.220583,-2.508027,-1.211944,-6.250515,0.466234,-0.457687,0.736969,0.170529,-0.108623,0.493653,2.085657
161.955416,413.071003,442.480865,2233.475827,-2.512100,-1.211280,-6.154088,0.466234,-0.457687,0.736969,0.170529,-0.108623,0.493653,2.085657
162.075538,412.769015,442.335400,2232.741091,-2.515830,-1.210671,-6.082620,0.466234,-0.457687,0.736969,0.170529,-0.108623,0.493653,2.085657
162.195661,412.466597,442.190005,2232.013780,-2.519280,-1.210106,-6.029416,0.466234,-0.457687,0.736969,0.170529,-0.108623,0.493653,2.085657
162.369720,412.027689,441.979443,2230.969333,-2.523876,-1.209351,-5.975242,0.466234,-0.457687,0.736969,0.170529,-0.108623,0.493653,2.085657
162.543778,411.588016,441.769006,2229.932620,-2.528094,-1.208657,-5.939713,0.466234,-0.457687,0.736969,0.170529,-0.108623,0.493653,2.085657
162.717836,411.147635,441.558686,2228.900967,-2.532013,-1.208010,-5.916261,0.466234,-0.457687,0.736969,0.170529,-0.108623,0.493653,2.085657
162.891895,410.706593,441.348476,2227.872642,-2.535698,-1.207400,-5.900685,0.466234,-0.457687,0.736969,0.170529,-0.108623,0.493653,2.085657
163.065953,410.264927,441.138369,2226.846546,-2.539195,-1.206820,-5.890331,0.466234,-0.457687,0.736969,0.170529,-0.108623,0.493653,2.085657
163.293081,409.687708,440.864349,2225.509761,-2.543535,-1.206099,-5.881816,0.466234,-0.457687,0.736969,0.170529,-0.108623,0.493653,2.085657
163.520208,409.109527,440.590489,2224.174480,-2.547681,-1.205410,-5.876700,0.466234,-0.457687,0.736969,0.170529,-0.108623,0.493653,2.085657
163.747336,408.530421,440.316784,2222.840090,-2.551680,-1.204743,-5.873525,0.466234,-0.457687,0.736969,0.170529,-0.108623,0.493653,2.085657
163.974464,407.950420,440.043227,2221.506279,-2.555568,-1.204094,-5.871540,0.466234,-0.457687,0.736969,0.170529,-0.108623,0.493653,2.085657
164.215621,407.333640,439.752933,2220.090477,-2.559606,-1.203420,-5.870174,0.466234,-0.457687,0.736969,0.170529,-0.108623,0.493653,2.085657
164.456778,406.715895,439.462799,2218.674960,-2.563570,-1.202758,-5.869279,0.466234,-0.457687,0.736969,0.170529,-0.108623,0.493653,2.085657
164.697935,406.097200,439.172825,2217.259632,-2.567481,-1.202104,-5.868623,0.466234,-0.457687,0.736969,0.170529,-0.108623,0.493653,2.085657
164.939466,405.476605,438.882558,2215.842248,-2.571356,-1.201455,-5.868087,0.466234,-0.457687,0.736969,0.170529,-0.108623,0.493653,2.085657
165.180997,404.855078,438.592446,2214.424980,-2.575202,-1.200812,-5.867621,0.466234,-0.457687,0.736969,0.170529,-0.108623,0.493653,2.085657
165.422528,404.232625,438.302490,2213.007820,-2.579024,-1.200172,-5.867198,0.466234,-0.457687,0.736969,0.170529,-0.108623,0.493653,2.085657
165.664025,403.609340,438.012730,2211.590961,-2.582828,-1.199535,-5.866800,0.466234,-0.457687,0.736969,0.170529,-0.108623,0.493653,2.085657
165.905521,402.985138,437.723123,2210.174197,-2.586620,-1.198900,-5.866416,0.466234,-0.457687,0.736969,0.170529,-0.108623,0.493653,2.085657
167.365892,399.191082,435.975070,2201.608685,-2.609436,-1.195079,-5.864165,0.466234,-0.457687,0.736969,0.170529,-0.108623,0.493653,2.085657
168.826262,395.363800,434.232583,2193.046414,-2.632136,-1.191276,-5.861971,0.466234,-0.457687,0.736969,0.170529,-0.108623,0.493653,2.085657
170.286633,391.503376,432.495647,2184.487358,-2.654803,-1.187479,-5.859779,0.466234,-0.457687,0.736969,0.170529,-0.108623,0.493653,2.085657
174.307240,380.704115,427.742258,2160.939604,-2.717185,-1.177029,-5.853743,0.466234,-0.457687,0.736969,0.170529,-0.108623,0.493653,2.085657
178.327847,369.654161,423.030864,2137.416072,-2.779506,-1.166589,-5.847729,0.466234,-0.457687,0.736969,0.170529,-0.108623,0.493653,2.085657
182.348455,358.353759,418.361426,2113.916668,-2.841766,-1.156159,-5.841739,0.466234,-0.457687,0.736969,0.170529,-0.108623,0.493653,2.085657
191.472143,331.782749,407.920813,2060.680114,-2.982815,-1.132530,-5.828238,0.466234,-0.457687,0.736969,0.170529,-0.108623,0.493653,2.085657
192.828592,327.722512,406.386974,2052.775763,-3.003757,-1.129022,-5.826242,0.466234,-0.457687,0.736969,0.170529,-0.108623,0.493653,2.085657
194.185040,323.633873,404.857892,2044.874118,-3.024692,-1.125515,-5.824249,0.466234,-0.457687,0.736969,0.170529,-0.108623,0.493653,2.085657
194.918913,321.410633,404.033961,2040.600265,-3.034675,-1.120842,-5.823143,0.466234,-0.457687,0.736969,0.170529,-0.108623,0.493653,2.085657
195.652787,319.181253,403.215912,2036.327247,-3.042009,-1.110692,-5.821984,0.466234,-0.457687,0.736969,0.170529,-0.108623,0.493653,2.085657
196.386661,316.947190,402.406759,2032.055087,-3.047397,-1.096518,-5.820799,0.466234,-0.457687,0.736969,0.170529,-0.108623,0.493653,2.085657
197.120534,314.709460,401.608597,2027.783796,-3.051703,-1.080112,-5.819607,0.466234,-0.457687,0.736969,0.170529,-0.108623,0.493653,2.085657
197.854408,312.468646,400.822631,2023.513379,-3.055508,-1.062674,-5.818416,0.466234,-0.457687,0.736969,0.170529,-0.108623,0.493653,2.085657
198.588281,310.225036,400.049456,2019.243834,-3.059119,-1.044839,-5.817226,0.466234,-0.457687,0.736969,0.170529,-0.108623,0.493653,2.085657
199.615074,307.081456,398.989624,2013.271600,-3.064102,-1.019750,-5.815565,0.466234,-0.457687,0.736969,0.170529,-0.108623,0.493653,2.085657
200.641867,303.932735,397.955497,2007.301071,-3.069062,-0.994625,-5.813907,0.466234,-0.457687,0.736969,0.170529,-0.108623,0.493653,2.085657
201.668660,300.778902,396.947121,2001.332244,-3.074029,-0.969524,-5.812250,0.466234,-0.457687,0.736969,0.170529,-0.108623,0.493653,2.085657
204.861152,290.940396,393.976273,1982.784868,-3.089500,-0.891604,-5.807113,0.466234,-0.457687,0.736969,0.170529,-0.108623,0.493653,2.085657
208.053645,281.052486,391.253982,1964.253860,-3.104976,-0.813788,-5.801994,0.466234,-0.457687,0.736969,0.170529,-0.108623,0.493653,2.085657
211.246138,271.115200,388.780013,1945.739164,-3.120438,-0.736042,-5.796893,0.466234,-0.457687,0.736969,0.170529,-0.108623,0.493653,2.085657
218.184478,249.348211,384.258142,1905.556506,-3.153991,-0.567301,-5.785868,0.466234,-0.457687,0.736969,0.170529,-0.108623,0.493653,2.085657
225.122818,227.348667,380.905817,1865.450015,-3.187480,-0.398878,-5.774927,0.466234,-0.457687,0.736969,0.170529,-0.108623,0.493653,2.085657
232.061158,205.116993,378.720917,1825.419140,-3.220906,-0.230774,-5.764069,0.466234,-0.457687,0.736969,0.170529,-0.108623,0.493653,2.085657
243.856942,166.789455,377.680637,1757.535354,-3.277589,0.054294,-5.745795,0.466234,-0.457687,0.736969,0.170529,-0.108623,0.493653,2.085657
255.652727,127.794219,379.998320,1689.865938,-3.334093,0.338461,-5.727752,0.466234,-0.457687,0.736969,0.170529,-0.108623,0.493653,2.085657
267.448512,88.133533,385.662654,1622.408005,-3.390420,0.621738,-5.709934,0.466234,-0.457687,0.736969,0.170529,-0.108623,0.493653,2.085657
279.244297,47.809491,394.663114,1555.158900,-3.446572,0.904138,-5.692337,0.466234,-0.457687,0.736969,0.170529,-0.108623,0.493653,2.085657
285.915599,24.710716,401.226231,1517.216450,-3.478254,1.063469,-5.682480,0.466234,-0.457687,0.736969,0.170529,-0.108623,0.493653,2.085657
286.984504,20.990084,402.376602,1511.143259,-3.483325,1.088972,-5.680907,0.466234,-0.457687,0.736969,0.170529,-0.108623,0.493653,2.085657
287.561568,18.979637,403.007834,1507.865255,-3.484902,1.099757,-5.680049,0.466234,-0.457687,0.736969,0.170529,-0.108623,0.493653,2.085657
288.138633,16.968972,403.643509,1504.587755,-3.484485,1.105416,-5.679171,0.466234,-0.457687,0.736969,0.170529,-0.108623,0.493653,2.085657
288.715698,14.958991,404.281308,1501.310764,-3.482517,1.107086,-5.678279,0.466234,-0.457687,0.736969,0.170529,-0.108623,0.493653,2.085657
289.292763,12.950365,404.919509,1498.034291,-3.479591,1.106291,-5.677379,0.466234,-0.457687,0.736969,0.170529,-0.108623,0.493653,2.085657
289.869828,10.943516,405.557023,1494.758335,-3.476144,1.104160,-5.676478,0.466234,-0.457687,0.736969,0.170529,-0.108623,0.493653,2.085657
290.446893,8.938683,406.193237,1491.482900,-3.472443,1.101372,-5.675576,0.466234,-0.457687,0.736969,0.170529,-0.108623,0.493653,2.085657
291.235551,6.202221,407.060041,1487.007293,-3.467234,1.097172,-5.674344,0.466234,-0.457687,0.736969,0.170529,-0.108623,0.493653,2.085657
292.024210,3.469870,407.923525,1482.532656,-3.461948,1.092772,-5.673114,0.466234,-0.457687,0.736969,0.170529,-0.108623,0.493653,2.085657
292.812869,0.741679,408.783561,1478.058989,-3.456642,1.088320,-5.671886,0.466234,-0.457687,0.736969,0.170529,-0.108623,0.493653,2.085657
293.975462,-3.272435,410.044991,1471.465942,-3.448832,1.081781,-5.670077,0.466234,-0.457687,0.736969,0.170529,-0.108623,0.493653,2.085657
